page_url,image_url,name,rank,faculty
http://its.iust.ac.ir/profile/asiaei,https://its.iust.ac.ir/sites/default/files/userpics/picture-9442-1539530565.jpg,دکتر ساسان آسیایی,دانشيار,دانشکده مهندسي مکانيک
http://its.iust.ac.ir/profile/m_ashtiani,https://its.iust.ac.ir/sites/default/files/pictures/picture-1599-1905326981.jpg,مهرداد آشتیانی,استاديار,دانشکده مهندسی کامپیوتر
http://its.iust.ac.ir/profile/m_kermani,https://its.iust.ac.ir/sites/default/files/pictures/picture-3625-11601072.jpg,دکتر مهرداد آقا محمد علی کرمانی,استاديار,دانشکده مهندسي پيشرفت
http://its.iust.ac.ir/profile/haghajani,https://its.iust.ac.ir/sites/default/files/userpics/picture-50032-1600566001.jpg,حسین آقاجانی,دانشيار,دانشکده مواد و متالورژي
http://its.iust.ac.ir/profile/aghajani,https://its.iust.ac.ir/sites/default/files/userpics/picture-132-1544103123.jpg,دکتر اسداله آقاجانی,استاد,دانشکده رياضي
http://its.iust.ac.ir/profile/aghakasiri,https://its.iust.ac.ir/sites/default/files/pictures/picture-1458-157905415.jpg,اسماعیل آقاکثیری,نا مشخص,گروه آموزشي تربيت بدني
http://its.iust.ac.ir/profile/aghahadi,http://its.iust.ac.ir/sites/all/modules/iust/images/anonymous.png,زینب آقاهادی,استاديار,دانشکده مهندسی کامپیوتر
http://its.iust.ac.ir/profile/analoui,https://its.iust.ac.ir/sites/default/files/userpics/picture-190-1563182555_0.jpg,دکتر مرتضی آنالویی,دانشيار,دانشکده مهندسی کامپیوتر
http://its.iust.ac.ir/profile/m.ayat,https://its.iust.ac.ir/sites/default/files/userpics/picture-703-1482073716_0.jpg,دکتر مجیدرضا آیت الهی,استاد,دانشکده مهندسي مکانيک
http://its.iust.ac.ir/profile/ayatollahi,https://its.iust.ac.ir/sites/default/files/userpics/picture-235-1531555214_0.jpg,دکتر احمد آیت الهی,استاد,دانشکده مهندسي برق
http://its.iust.ac.ir/profile/ebrahimi,https://its.iust.ac.ir/sites/default/files/pictures/picture-344-898817279.jpg,دکتر محمود ابراهیمی,استاديار,دانشکده مهندسي مکانيک
http://its.iust.ac.ir/profile/ebrahiminejad,https://its.iust.ac.ir/sites/default/files/pictures/picture-13175-409935370.jpg,دکتر سلمان ابراهیمی نژاد رفسنجانی,دانشيار,دانشکده مهندسي خودرو
http://its.iust.ac.ir/profile/abrishamifar,https://its.iust.ac.ir/sites/default/files/userpics/picture-114-1531555078_0.jpg,دکتر سید ادیب ابریشمی فر,دانشيار,دانشکده مهندسي برق
http://its.iust.ac.ir/profile/abolhassani,https://its.iust.ac.ir/sites/default/files/userpics/picture-111-1544103123.jpg,دکتر بهمن ابوالحسنی,دانشيار,دانشکده مهندسي برق
http://its.iust.ac.ir/profile/mrezab,https://its.iust.ac.ir/sites/default/files/pictures/picture-936-1312964307.jpg,دکتر محمدرضا ابوطالبی,استاد,دانشکده مواد و متالورژي
http://its.iust.ac.ir/profile/ahadi,https://its.iust.ac.ir/sites/default/files/userpics/picture-137-1719724660_0.jpg,دکتر حمیدرضا احدی,استاديار,دانشکده مهندسي راه آهن
http://its.iust.ac.ir/profile/akordbacheh,https://its.iust.ac.ir/sites/default/files/pictures/picture-1549-467968265.jpg,دکتر امیرحسین احمدخان کردبچه,دانشيار,دانشکده فيزيک
http://its.iust.ac.ir/profile/a_ahmadi,https://its.iust.ac.ir/sites/default/files/userpics/picture-65-1539530509.jpg,دکتر ابوالفضل احمدی,دانشيار,دانشکده فناوريهای نوين
http://its.iust.ac.ir/profile/ahmadi,https://its.iust.ac.ir/sites/default/files/pictures/picture-10135-684777499.jpg,روح اله احمدی,دانشيار,دانشکده فناوريهای نوين
http://its.iust.ac.ir/profile/ahmadi_reza,https://its.iust.ac.ir/sites/default/files/userpics/picture-16889-1539530565.jpg,دکتر رضا احمدی,دانشيار,دانشکده رياضي
http://its.iust.ac.ir/profile/ahmady,https://its.iust.ac.ir/sites/default/files/userpics/picture-142-1544103123.jpg,دکتر محمود احمدی نژاد,دانشيار,دانشکده مهندسي عمران
http://its.iust.ac.ir/profile/ekhlassi,https://its.iust.ac.ir/sites/default/files/pictures/picture-352-1407140985.jpg,دکتر احمد اخلاصی,دانشيار,دانشکده معماري و شهرسازي
http://its.iust.ac.ir/profile/mohammad.akhlaghi,https://its.iust.ac.ir/sites/default/files/pictures/picture-892-1886414775.jpg,دکتر محمد اخلاقی,استاديار,دانشکده مهندسي مکانيک
http://its.iust.ac.ir/profile/a_arjomandi,https://its.iust.ac.ir/sites/default/files/userpics/picture-7349-1539530565.jpg,دکتر عبدالمجید ارجمندی,استاديار,گروه آموزشي معارف اسلامي
http://its.iust.ac.ir/profile/larijani,http://its.iust.ac.ir/sites/all/modules/iust/images/anonymous.png,ابراهیم اردشیر لاریجانی,استاديار,دانشکده رياضي
http://its.iust.ac.ir/profile/azhari,https://its.iust.ac.ir/sites/default/files/userpics/picture-240-1531553100_0.jpg,دکتر سیدجواد ازهری,استاد,دانشکده مهندسي برق
http://its.iust.ac.ir/profile/azharivs,https://its.iust.ac.ir/sites/default/files/pictures/picture-241-518263499.jpg,دکتر سید وحید ازهری,استاديار,دانشکده مهندسی کامپیوتر
http://its.iust.ac.ir/profile/rasul_aj,https://its.iust.ac.ir/sites/default/files/pictures/picture-1013-451881258.jpg,رسول اژییان,استاديار,دانشکده فيزيک
http://its.iust.ac.ir/profile/asad,https://its.iust.ac.ir/sites/default/files/userpics/picture-1384-1597136829_0.jpg,دکتر روزبه اسد,استاديار,دانشکده مهندسي راه آهن
http://its.iust.ac.ir/profile/aeskandari,http://its.iust.ac.ir/sites/all/modules/iust/images/anonymous.png,عارف اسکندری,استاديار,دانشکده مهندسي برق
http://its.iust.ac.ir/profile/smailzadeh,https://its.iust.ac.ir/sites/default/files/userpics/picture-1201-1531646864_0.jpg,دکتر سید مجید اسماعیل زاده,استاديار,دانشکده مهندسي برق
http://its.iust.ac.ir/profile/mahdi,https://its.iust.ac.ir/sites/default/files/pictures/picture-755-1353325252.jpg,مهدی اسماعیلزاده,استاد,دانشکده فيزيک
http://its.iust.ac.ir/profile/m_esmaeili,https://its.iust.ac.ir/sites/default/files/userpics/picture-714-1697870167_0.jpg,دکتر مرتضی اسماعیلی,استاد,دانشکده مهندسي راه آهن
http://its.iust.ac.ir/profile/eshraghi,https://its.iust.ac.ir/sites/default/files/pictures/picture-364-1551651604.jpg,دکتر همایون اشراقی,دانشيار,دانشکده فيزيک
http://its.iust.ac.ir/profile/mj_ashrafi,https://its.iust.ac.ir/sites/default/files/userpics/picture-24698-1539530565.jpg,دکتر محمد جواد اشرفی,استاديار,دانشکده مهندسي مکانيک
http://its.iust.ac.ir/profile/ashrafi,https://its.iust.ac.ir/sites/default/files/pictures/picture-223-12592052.jpg,دکتر سیدنظام الدین اشرفی زاده,استاد,دانشکده مهندسي شيمي، نفت و گاز
http://its.iust.ac.ir/profile/sauleh,https://its.iust.ac.ir/sites/default/files/userpics/picture-25102-1539530565.jpg,دکتر سیدصالح اعتمادی,استاديار,دانشکده مهندسی کامپیوتر
http://its.iust.ac.ir/profile/aazami_f,https://its.iust.ac.ir/sites/default/files/pictures/picture-7527-353658894.jpg,فرهاد اعظمی,مربي,دانشکده فيزيک
http://its.iust.ac.ir/profile/alamolhoda,https://its.iust.ac.ir/sites/default/files/pictures/picture-3131-739293136.jpg,دکتر سمیه اعلم الهدی,دانشيار,دانشکده مواد و متالورژي
http://its.iust.ac.ir/profile/beftekhari,https://its.iust.ac.ir/sites/default/files/pictures/picture-286-367523599.jpg,دکتر بیژن افتخاری یکتا,استاد,دانشکده مواد و متالورژي
http://its.iust.ac.ir/profile/a_afshar,https://its.iust.ac.ir/sites/default/files/userpics/picture-64-1547371994.jpg,دکتر عباس افشار,استاد,دانشکده مهندسي عمران
http://its.iust.ac.ir/profile/mhafshar,https://its.iust.ac.ir/sites/default/files/pictures/picture-842-1013046589.jpg,محمدهادی افشار,دانشيار,دانشکده مهندسي عمران
http://its.iust.ac.ir/profile/sh_afshar,https://its.iust.ac.ir/sites/default/files/pictures/picture-1144-1404522354.jpg,دکتر شهرآرا افشار,استاديار,دانشکده شيمي
http://its.iust.ac.ir/profile/hafzali,https://its.iust.ac.ir/sites/default/files/userpics/picture-19632-1539530565.jpg,دکتر حسین افضلی مهر,استاد,دانشکده مهندسي عمران
http://its.iust.ac.ir/profile/ali_afkar,https://its.iust.ac.ir/sites/default/files/pictures/picture-3571-1218147802.jpg,علی افکار,نا مشخص,مديريت امور اداري
http://its.iust.ac.ir/profile/zargari,https://its.iust.ac.ir/sites/default/files/pictures/picture-1303-793947531.jpg,دکتر شهریار افندیزاده زرگری,استاد,دانشکده مهندسي عمران
http://its.iust.ac.ir/profile/a_akbarzadeh,https://its.iust.ac.ir/sites/default/files/pictures/picture-6716-1764856659.jpg,دکتر علیرضا اکبرزاده,استاديار,دانشکده شيمي
http://its.iust.ac.ir/profile/akbarniya,http://its.iust.ac.ir/sites/all/modules/iust/images/anonymous.png,محمد علی اکبرنیا,مربي,دانشکده مهندسي مکانيک
http://its.iust.ac.ir/profile/akbari12,https://its.iust.ac.ir/sites/default/files/userpics/picture-146-1544103123.jpg,دکتر حبیب الله اکبری,دانشيار,دانشکده مهندسي مکانيک
http://its.iust.ac.ir/profile/akbari,https://its.iust.ac.ir/sites/default/files/userpics/picture-145-1544103123.jpg,دکتر احمد اکبری ازیرانی,دانشيار,دانشکده مهندسی کامپیوتر
http://its.iust.ac.ir/profile/emami,https://its.iust.ac.ir/sites/default/files/pictures/picture-356-1662437057.jpg,سیدجواد امامی,مربي,دانشکده معماري و شهرسازي
http://its.iust.ac.ir/profile/amrollahir,https://its.iust.ac.ir/sites/default/files/userpics/picture-31247-1561902155_0.jpg,دکتر رضوانه امراللهی بیوکی,استاديار,دانشکده فيزيک
http://its.iust.ac.ir/profile/amirkhani,https://its.iust.ac.ir/sites/default/files/userpics/picture-30354-1549803891.jpg,دکتر عبدالله امیرخانی شهرکی,دانشيار,دانشکده مهندسي خودرو
http://its.iust.ac.ir/profile/babakamiri,https://its.iust.ac.ir/sites/default/files/userpics/picture-21302-1539530565.jpg,دکتر بابک امیری,استاديار,دانشکده مهندسي صنايع
http://its.iust.ac.ir/profile/vahidaming,http://its.iust.ac.ir/sites/all/modules/iust/images/anonymous.png,وحید امین غفاری قره شیران,--------,دانشکده مهندسی کامپیوتر
http://its.iust.ac.ir/profile/famini,https://its.iust.ac.ir/sites/default/files/pictures/picture-397-1273924777.jpg,دکتر فریدون امینی,استاد,دانشکده مهندسي عمران
http://its.iust.ac.ir/profile/h_amini,http://its.iust.ac.ir/sites/all/modules/iust/images/anonymous.png,حامد امینی,استاديار,دانشکده مهندسي پيشرفت
http://its.iust.ac.ir/profile/mohammad_farsani,https://its.iust.ac.ir/sites/default/files/userpics/picture-29793-1555144598.jpg,دکتر محمد امینی فارسانی,استاديار,گروه آموزشي زبانهاي خارجي
http://its.iust.ac.ir/profile/anbia,https://its.iust.ac.ir/sites/default/files/pictures/picture-192-1816270584.jpg,دکتر منصور انبیاء,استاد,دانشکده شيمي
http://its.iust.ac.ir/profile/entezari,https://its.iust.ac.ir/sites/default/files/userpics/picture-27626-1685277771_0.jpg,دکتر رضا انتظاری ملکی,استاديار,دانشکده مهندسی کامپیوتر
http://its.iust.ac.ir/profile/aohadi,https://its.iust.ac.ir/sites/default/files/userpics/picture-19992-1539530565.jpg,دکتر امین اوحدی اصفهانی,استاديار,دانشکده مهندسي راه آهن
http://its.iust.ac.ir/profile/jolia,https://its.iust.ac.ir/sites/default/files/pictures/picture-606-1504556993.jpg,دکتر جلیل اولیا,استاديار,دانشکده معماري و شهرسازي
http://its.iust.ac.ir/profile/ayar,https://its.iust.ac.ir/sites/default/files/userpics/picture-48184-1655802982_0.jpg,پویان ایار,استاديار,دانشکده مهندسي عمران
http://its.iust.ac.ir/profile/ilchi,https://its.iust.ac.ir/sites/default/files/userpics/picture-30516-1752477183.png,دکتر مجید ایلچی قزاآن,استاديار,دانشکده مهندسي عمران
http://its.iust.ac.ir/profile/aeivani,https://its.iust.ac.ir/sites/default/files/pictures/picture-3829-847777720.jpg,دکتر علیرضا ایوانی,دانشيار,دانشکده مواد و متالورژي
http://its.iust.ac.ir/profile/m.babakhani,https://its.iust.ac.ir/sites/default/files/userpics/picture-704-1513433699.jpg,دکتر مسعود باباخانی,استاديار,دانشکده مهندسي صنايع
http://its.iust.ac.ir/profile/babamoradi,https://its.iust.ac.ir/sites/default/files/pictures/picture-3810-426360109.jpg,دکتر محسن بابامرادی,استاديار,دانشکده فيزيک
http://its.iust.ac.ir/profile/bazdid,https://its.iust.ac.ir/sites/default/files/pictures/picture-281-578075857.jpg,دکتر فرزاد بازدیدی طهرانی,استاد,دانشکده مهندسي مکانيک
http://its.iust.ac.ir/profile/baziar,https://its.iust.ac.ir/sites/default/files/userpics/picture-283-1547371994.jpg,دکتر محمدحسن بازیار,استاد,دانشکده مهندسي عمران
http://its.iust.ac.ir/profile/abazyari,https://its.iust.ac.ir/sites/default/files/userpics/picture-17671-1539530565.jpg,دکتر امین بازیاری,استاديار,دانشکده مهندسي شيمي، نفت و گاز
http://its.iust.ac.ir/profile/morteza_bagheri,https://its.iust.ac.ir/sites/default/files/userpics/picture-2353-1763363963_0.jpg,دکتر مرتضی باقری,دانشيار,دانشکده مهندسي راه آهن
http://its.iust.ac.ir/profile/batooei,http://its.iust.ac.ir/sites/all/modules/iust/images/anonymous.png,علیرضا بتوئی,استاديار,دانشکده مهندسي خودرو
http://its.iust.ac.ir/profile/m_bahreini,https://its.iust.ac.ir/sites/default/files/userpics/picture-49581-1601347201.jpg,مریم بحرینی,استاديار,دانشکده فيزيک
http://its.iust.ac.ir/profile/bakhtiari_m,https://its.iust.ac.ir/sites/default/files/pictures/picture-2509-756345895.jpg,دکتر مجید بختیاری,استاديار,دانشکده فناوريهای نوين
http://its.iust.ac.ir/profile/bakhshayesh,https://its.iust.ac.ir/sites/default/files/userpics/picture-91185-1712396162_0.jpg,امیر محمود بخشایش,استاديار,دانشکده مواد و متالورژي
http://its.iust.ac.ir/profile/soroush_baradaran,https://its.iust.ac.ir/sites/default/files/userpics/picture-69294-1695798670_0.jpg,سروش برادران,استاديار,دانشکده مهندسي شيمي، نفت و گاز
http://its.iust.ac.ir/profile/bshokouhi,https://its.iust.ac.ir/sites/default/files/userpics/picture-308-1531555591_0.jpg,دکتر شهریار برادران شکوهی,دانشيار,دانشکده مهندسي برق
http://its.iust.ac.ir/profile/barjasteh,https://its.iust.ac.ir/sites/default/files/pictures/picture-273-996979978.jpg,دکتر بهروز برجسته محبی,استاديار,گروه آموزشي تربيت بدني
http://its.iust.ac.ir/profile/barkhordar,https://its.iust.ac.ir/sites/default/files/pictures/picture-274-1601061340.jpg,دکتر محمدعلی برخورداری بافقی,استاد,دانشکده مهندسي عمران
http://its.iust.ac.ir/profile/barzinpour,https://its.iust.ac.ir/sites/default/files/userpics/picture-275-1511853892_0.jpg,دکتر فرناز برزین پور,دانشيار,دانشکده مهندسي صنايع
http://its.iust.ac.ir/profile/rberangi,https://its.iust.ac.ir/sites/default/files/pictures/picture-1017-731418358.jpg,رضا برنگی,دانشيار,دانشکده مهندسی کامپیوتر
http://its.iust.ac.ir/profile/broujerdian,https://its.iust.ac.ir/sites/default/files/pictures/picture-5319-1033548212.jpg,دکتر وحید بروجردیان,دانشيار,دانشکده مهندسي عمران
http://its.iust.ac.ir/profile/h_bolandi,https://its.iust.ac.ir/sites/default/files/userpics/picture-473-1531646018_0.jpg,دکتر حسین بلندی,استاد,دانشکده مهندسي برق
http://its.iust.ac.ir/profile/motejadded,https://its.iust.ac.ir/sites/default/files/userpics/picture-34790-1564397937.jpg,دکتر حسین بنا متجدد امروز,استاديار,دانشکده فناوريهای نوين
http://its.iust.ac.ir/profile/bonyadi,https://its.iust.ac.ir/sites/default/files/pictures/picture-7457-1691202579.jpg,دکتر علی بنیادی نایینی,دانشيار,دانشکده مهندسي پيشرفت
http://its.iust.ac.ir/profile/boutorabi,https://its.iust.ac.ir/sites/default/files/pictures/picture-305-1103281848.jpg,دکتر سیدمحمدعلی بوترابی,استاد,دانشکده مواد و متالورژي
http://its.iust.ac.ir/profile/behzadfar,https://its.iust.ac.ir/sites/default/files/userpics/picture-290-1652677982_0.jpg,دکتر مصطفی بهزادفر,استاد,دانشکده معماري و شهرسازي
http://its.iust.ac.ir/profile/abeheshti,https://its.iust.ac.ir/sites/default/files/userpics/picture-109-1544103123.jpg,دکتر علی اصغر بهشتی شیرازی,دانشيار,دانشکده مهندسي برق
http://its.iust.ac.ir/profile/behnam,https://its.iust.ac.ir/sites/default/files/userpics/picture-288-1531555865_0.jpg,دکتر حمید بهنام,دانشيار,دانشکده مهندسي برق
http://its.iust.ac.ir/profile/beitolla,https://its.iust.ac.ir/sites/default/files/pictures/picture-292-2079995893.jpg,دکتر علی بیت الهی,استاد,دانشکده مواد و متالورژي
http://its.iust.ac.ir/profile/bidabadi,https://its.iust.ac.ir/sites/default/files/pictures/picture-297-294883409.jpg,دکتر مهدی بیدآبادی,استاد,دانشکده مهندسي مکانيک
http://its.iust.ac.ir/profile/bisadi,https://its.iust.ac.ir/sites/default/files/pictures/picture-300-1235906825.jpg,دکتر حسین بیسادی,استاديار,دانشکده مهندسي مکانيک
http://its.iust.ac.ir/profile/b_beigzadeh,https://its.iust.ac.ir/sites/default/files/pictures/picture-3440-728299778.jpg,دکتر برهان بیگ زاده,دانشيار,دانشکده مهندسي مکانيک
http://its.iust.ac.ir/profile/parsa,https://its.iust.ac.ir/sites/default/files/pictures/picture-961-584145169.jpg,دکتر سعید پارسا,استاد,دانشکده مهندسی کامپیوتر
http://its.iust.ac.ir/profile/parsanejad,https://its.iust.ac.ir/sites/default/files/userpics/picture-20934-1539530565.jpg,دکتر محمد رضا پارسا نژاد,استاديار,دانشکده مهندسي پيشرفت
http://its.iust.ac.ir/profile/paryab,https://its.iust.ac.ir/sites/default/files/pictures/picture-963-1240289957.jpg,خلیل پاریاب,استاديار,دانشکده رياضي
http://its.iust.ac.ir/profile/jposhtan,https://its.iust.ac.ir/sites/default/files/userpics/picture-610-1531646330_0.jpg,دکتر جواد پشتان,استاد,دانشکده مهندسي برق
http://its.iust.ac.ir/profile/maghaee,https://its.iust.ac.ir/sites/default/files/pictures/picture-12390-2082591194.jpg,دکتر محسن پور سیداقایی,استاديار,دانشکده مهندسي راه آهن
http://its.iust.ac.ir/profile/pouransari,https://its.iust.ac.ir/sites/default/files/userpics/picture-29854-1550579421_0.jpg,دکتر زینب پورانصاری,استاديار,دانشکده مهندسي مکانيک
http://its.iust.ac.ir/profile/pishvaee,https://its.iust.ac.ir/sites/default/files/pictures/picture-7929-1509054847.jpg,دکتر میر سامان پیشوائی,استاد,دانشکده مهندسي صنايع
http://its.iust.ac.ir/profile/mtajabadi,https://its.iust.ac.ir/sites/default/files/userpics/picture-20632-1539530565.jpg,دکتر مریم تاج آبادی,استاديار,دانشکده مواد و متالورژي
http://its.iust.ac.ir/profile/tajarodi,https://its.iust.ac.ir/sites/default/files/pictures/picture-1227-1131356485.jpg,دکتر آزاده تجردی,استاد,دانشکده شيمي
http://its.iust.ac.ir/profile/am_tahsini,https://its.iust.ac.ir/sites/default/files/userpics/picture-30251-1549460442.jpg,دکتر امیرمهدی تحسینی,دانشيار,دانشکده مهندسي مکانيک
http://its.iust.ac.ir/profile/tarkashvand,https://its.iust.ac.ir/sites/default/files/userpics/picture-1236-1500464141_0.jpg,دکتر عباس ترکاشوند,استاديار,دانشکده معماري و شهرسازي
http://its.iust.ac.ir/profile/rahmani,https://its.iust.ac.ir/sites/default/files/pictures/picture-990-1122621687.jpg,دکتر عادل ترکمان رحمانی,استاديار,دانشکده مهندسی کامپیوتر
http://its.iust.ac.ir/profile/tmu00432,http://its.iust.ac.ir/sites/all/modules/iust/images/anonymous.png,نام کاربری تست,نا مشخص,افراد و شرکتهای طرف قرارداد
http://its.iust.ac.ir/profile/s_taghdir,https://its.iust.ac.ir/sites/default/files/userpics/picture-1836-1499260662_0.jpg,سمانه تقدیر,استاديار,دانشکده معماري و شهرسازي
http://its.iust.ac.ir/profile/taghavi,https://its.iust.ac.ir/sites/default/files/pictures/picture-1223-1959854845.jpg,دکتر رضا تقوی زنوز,دانشيار,دانشکده مهندسي مکانيک
http://its.iust.ac.ir/profile/mah_taghizadeh,https://its.iust.ac.ir/sites/default/files/userpics/picture-91837-1715169899_0.jpg,محبوبه تقی زاده,استاديار,گروه آموزشي زبانهاي خارجي
http://its.iust.ac.ir/profile/tamizifar,https://its.iust.ac.ir/sites/default/files/pictures/picture-1234-153427701.jpg,دکتر مرتضی تمیزی فر,دانشيار,دانشکده مواد و متالورژي
http://its.iust.ac.ir/profile/vtamimi,http://its.iust.ac.ir/sites/all/modules/iust/images/anonymous.png,وحید تمیمی,استاديار,دانشکده مهندسي عمران
http://its.iust.ac.ir/profile/tootoonchian,https://its.iust.ac.ir/sites/default/files/userpics/picture-1251-1486290207.gif,دکتر فرید توتونچیان,دانشيار,دانشکده مهندسي برق
http://its.iust.ac.ir/profile/alitavakoli,https://its.iust.ac.ir/sites/default/files/pictures/picture-5407-895036284.jpg,دکتر علی توکلی کاشانی,دانشيار,دانشکده مهندسي عمران
http://its.iust.ac.ir/profile/tavallaee,https://its.iust.ac.ir/sites/default/files/pictures/picture-1240-1570352222.jpg,دکتر حمیدآقا تولایی,دانشيار,دانشکده رياضي
http://its.iust.ac.ir/profile/teimoury,https://its.iust.ac.ir/sites/default/files/pictures/picture-1245-1055613775.jpg,دکتر ابراهیم تیموری,استاد,دانشکده مهندسي صنايع
http://its.iust.ac.ir/profile/sobati,https://its.iust.ac.ir/sites/default/files/pictures/picture-2319-286927143.jpg,دکتر محمد امین ثباتی,استاد,دانشکده مهندسي شيمي، نفت و گاز
http://its.iust.ac.ir/profile/moj_saghafinia,https://its.iust.ac.ir/sites/default/files/pictures/picture-2650-16021856.jpg,مجتبی ثقفی نیا,مربي,دانشکده مهندسي صنايع
http://its.iust.ac.ir/profile/saghafian,https://its.iust.ac.ir/sites/default/files/pictures/picture-1097-1314202973.jpg,دکتر حسن ثقفیان لاریجانی,استاد,دانشکده مواد و متالورژي
http://its.iust.ac.ir/profile/sanaei,https://its.iust.ac.ir/sites/default/files/pictures/picture-1474-1595883767.jpg,دکتر ابراهیم ثنایی,استاد,دانشکده مهندسي عمران
http://its.iust.ac.ir/profile/jahedmr,https://its.iust.ac.ir/sites/default/files/userpics/picture-586-1531645919_0.jpg,دکتر محمدرضا جاهدمطلق,استاد,دانشکده مهندسی کامپیوتر
http://its.iust.ac.ir/profile/jabbari,https://its.iust.ac.ir/sites/default/files/pictures/picture-580-1832790496.jpg,دکتر ابراهیم جباری,استاد,دانشکده مهندسي عمران
http://its.iust.ac.ir/profile/jabal,https://its.iust.ac.ir/sites/default/files/pictures/picture-579-509605412.jpg,دکتر محمد سعید جبل عاملی,استاد,دانشکده مهندسي صنايع
http://its.iust.ac.ir/profile/jadid,https://its.iust.ac.ir/sites/default/files/userpics/picture-581-1531556211_0.jpg,دکتر شهرام جدید,استاد,دانشکده مهندسي برق
http://its.iust.ac.ir/profile/jazsm,https://its.iust.ac.ir/sites/default/files/pictures/picture-603-889523926.jpg,مسعود جزایری,استاديار,دانشکده فيزيک
http://its.iust.ac.ir/profile/mrjafarfard,https://its.iust.ac.ir/sites/default/files/userpics/picture-19803-1539530565.jpg,دکتر محمدرضا جعفرفرد,استاديار,دانشکده فيزيک
http://its.iust.ac.ir/profile/jafari,https://its.iust.ac.ir/sites/default/files/pictures/picture-582-1626883544.jpg,دکتر مصطفی جعفری,دانشيار,دانشکده مهندسي صنايع
http://its.iust.ac.ir/profile/jafarian,https://its.iust.ac.ir/sites/default/files/pictures/picture-1529-1790431282.jpg,دکتر حمیدرضا جعفریان,دانشيار,دانشکده مواد و متالورژي
http://its.iust.ac.ir/profile/drjalali,https://its.iust.ac.ir/sites/default/files/userpics/picture-1886-1531646377_0.jpg,دکتر علی اکبر جلالی,استاد,دانشکده مهندسي برق
http://its.iust.ac.ir/profile/sgjalali,https://its.iust.ac.ir/sites/default/files/pictures/picture-1143-1216578494.jpg,دکتر غلامرضا جلالی,دانشيار,دانشکده مهندسي صنايع
http://its.iust.ac.ir/profile/maisam_jalaly,https://its.iust.ac.ir/sites/default/files/userpics/picture-1660-1639200028.png,دکتر میثم جلالی,دانشيار,دانشکده فناوريهای نوين
http://its.iust.ac.ir/profile/ajalali,https://its.iust.ac.ir/sites/default/files/userpics/picture-143-1544103123.jpg,دکتر علی اکبر جلالی,استاد,دانشکده مهندسي برق
http://its.iust.ac.ir/profile/jalaligh,https://its.iust.ac.ir/sites/default/files/pictures/picture-1951-1740624961.jpg,دکتر سیدغلامرضا جلالی نایینی,دانشيار,دانشکده مهندسي صنايع
http://its.iust.ac.ir/profile/s_jalili,https://its.iust.ac.ir/sites/default/files/userpics/picture-6945-1535377190_0.jpg,دکتر سمانه جلیلی صدراباد,دانشيار,دانشکده معماري و شهرسازي
http://its.iust.ac.ir/profile/jalilian,https://its.iust.ac.ir/sites/default/files/userpics/picture-592-1531556975_0.jpg,دکتر علیرضا جلیلیان,استاد,دانشکده مهندسي برق
http://its.iust.ac.ir/profile/sjamali,https://its.iust.ac.ir/sites/default/files/userpics/picture-1195-1537876961_0.jpg,دکتر صادق جمالی,استاد,دانشکده مهندسي برق
http://its.iust.ac.ir/profile/jamshidmehr,http://its.iust.ac.ir/sites/all/modules/iust/images/anonymous.png,زهرا جمشیدمهر,نا مشخص,گروه آموزشي تربيت بدني
http://its.iust.ac.ir/profile/mjamshidi,https://its.iust.ac.ir/sites/default/files/pictures/picture-2426-796638836.jpg,دکتر مسعود جمشیدی,دانشيار,دانشکده مهندسي شيمي، نفت و گاز
http://its.iust.ac.ir/profile/jenabi,https://its.iust.ac.ir/sites/default/files/userpics/picture-87492-1760867740_0.jpg,شهاب جنابی,استاديار,دانشکده مهندسي پيشرفت
http://its.iust.ac.ir/profile/mjannati,http://its.iust.ac.ir/sites/all/modules/iust/images/anonymous.png,محمد جواد جنتی,استاديار,دانشکده مهندسي برق
http://its.iust.ac.ir/profile/javadpourj,https://its.iust.ac.ir/sites/default/files/pictures/picture-600-785880073.jpg,دکتر جعفر جوادپور,استاد,دانشکده مواد و متالورژي
http://its.iust.ac.ir/profile/shjavan,https://its.iust.ac.ir/sites/default/files/pictures/picture-1184-108067643.jpg,دکتر شهرزاد جوانشیر,دانشيار,دانشکده شيمي
http://its.iust.ac.ir/profile/cheldavi,https://its.iust.ac.ir/sites/default/files/pictures/picture-322-156769261.jpg,دکتر احمد چلداوی,استاد,دانشکده مهندسي برق
http://its.iust.ac.ir/profile/abbas_a,https://its.iust.ac.ir/sites/default/files/userpics/picture-16890-1449300465.jpg,عباسعلی چوپانکاره,مربي,دانشکده مهندسي برق
http://its.iust.ac.ir/profile/ahaeri,https://its.iust.ac.ir/sites/default/files/pictures/picture-10022-1837567437.jpg,دکتر عبدالرحمن حائری,دانشيار,دانشکده مهندسي صنايع
http://its.iust.ac.ir/profile/ykharrazi,https://its.iust.ac.ir/sites/default/files/pictures/picture-1283-366564345.jpg,یوسف حاج کریم خرازی,نا مشخص,دانشکده مواد و متالورژي
http://its.iust.ac.ir/profile/hajiahmadi,http://its.iust.ac.ir/sites/all/modules/iust/images/anonymous.png,محمد جواد حاجی احمدی,استاديار,دانشکده مهندسي برق
http://its.iust.ac.ir/profile/rezazadeh,https://its.iust.ac.ir/sites/default/files/pictures/picture-1028-154206552.jpg,دکتر راضیه السادات حاجی سیدرضازاده مشهد,دانشيار,دانشکده معماري و شهرسازي
http://its.iust.ac.ir/profile/rabdolvahab,https://its.iust.ac.ir/sites/default/files/pictures/picture-5408-1344688568.jpg,دکتر روح الله حاجی عبدالوهاب,استاديار,دانشکده فيزيک
http://its.iust.ac.ir/profile/ahkorayem,https://its.iust.ac.ir/sites/default/files/userpics/picture-13993-1544103123.jpg,دکتر اصغر حبیب نژاد کورایم,دانشيار,دانشکده مهندسي عمران
http://its.iust.ac.ir/profile/hkorayem,https://its.iust.ac.ir/sites/default/files/userpics/picture-540-1575373934_0.jpg,دکتر محرم حبیب نژادکورایم,استاد,دانشکده مهندسي مکانيک
http://its.iust.ac.ir/profile/phejazi,https://its.iust.ac.ir/sites/default/files/pictures/picture-1944-1318789680.jpg,دکتر پریسا حجازی,دانشيار,دانشکده مهندسي شيمي، نفت و گاز
http://its.iust.ac.ir/profile/kashani,https://its.iust.ac.ir/sites/default/files/userpics/picture-639-1531647219_0.jpg,دکتر فرخ حجت کاشانی,استاد,دانشکده مهندسي برق
http://its.iust.ac.ir/profile/habibhaddadi,http://its.iust.ac.ir/sites/all/modules/iust/images/anonymous.png,حبیب اله حدادی,نا مشخص,مديريت امور اداري
http://its.iust.ac.ir/profile/farzanhaddadi,https://its.iust.ac.ir/sites/default/files/pictures/picture-2476-1745254584.jpg,دکتر فرزان حدادی,دانشيار,دانشکده مهندسي برق
http://its.iust.ac.ir/profile/mhzonoozi,https://its.iust.ac.ir/sites/default/files/userpics/picture-18314-1539530565.jpg,دکتر مریم حسنی زنوزی,استاديار,دانشکده مهندسي عمران
http://its.iust.ac.ir/profile/hosseinzadeh_m,https://its.iust.ac.ir/sites/default/files/userpics/picture-30784-1551024604.jpg,دکتر مجید حسین زاده,استاديار,دانشکده مهندسي عمران
http://its.iust.ac.ir/profile/hnejad,https://its.iust.ac.ir/sites/default/files/pictures/picture-541-1655523995.jpg,محمدرضا حسین نژاد,نا مشخص,دانشکده مواد و متالورژي
http://its.iust.ac.ir/profile/alipour,https://its.iust.ac.ir/sites/default/files/userpics/picture-165-1547371994.jpg,دکتر سیدمصطفی حسینعلی پور,استاد,دانشکده مهندسي مکانيک
http://its.iust.ac.ir/profile/hosseini_t,https://its.iust.ac.ir/sites/default/files/pictures/picture-546-21603694.jpg,دکتر پریسا حسینی تهرانی,دانشيار,دانشکده مهندسي راه آهن
http://its.iust.ac.ir/profile/motlagh,https://its.iust.ac.ir/sites/default/files/pictures/picture-1997-19467015.jpg,دکتر سید مهدی حسینی مطلق,دانشيار,دانشکده مهندسي صنايع
http://its.iust.ac.ir/profile/monazzah,https://its.iust.ac.ir/sites/default/files/userpics/picture-39091-1570705569.jpg,دکتر امیرمهدی حسینی منزه,استاديار,دانشکده مهندسی کامپیوتر
http://its.iust.ac.ir/profile/hosseininasab,https://its.iust.ac.ir/sites/default/files/userpics/picture-49604-1598424822.jpg,سیدمجتبی حسینی نسب,استاديار,دانشکده مهندسي شيمي، نفت و گاز
http://its.iust.ac.ir/profile/shh,https://its.iust.ac.ir/sites/default/files/pictures/picture-1179-1213033669.jpg,دکتر شاهرخ حسینی هاشمی,استاد,دانشکده مهندسي مکانيک
http://its.iust.ac.ir/profile/heshmati,https://its.iust.ac.ir/sites/default/files/pictures/picture-530-667126582.jpg,دکتر علی اکبر حشمتی رفسنجانی,دانشيار,دانشکده مهندسي عمران
http://its.iust.ac.ir/profile/mhaghpanahi,https://its.iust.ac.ir/sites/default/files/pictures/picture-1361-1805818342.jpg,دکتر محمد حق پناهی,استاد,دانشکده مهندسي مکانيک
http://its.iust.ac.ir/profile/haghayeghi,http://its.iust.ac.ir/sites/all/modules/iust/images/anonymous.png,زهره سادات حقایقی,استاديار,دانشکده مهندسي عمران
http://its.iust.ac.ir/profile/vhakami,https://its.iust.ac.ir/sites/default/files/userpics/picture-18123-1539530565.jpg,دکتر وصال حکمی,استاديار,دانشکده مهندسی کامپیوتر
http://its.iust.ac.ir/profile/hamzenejad,https://its.iust.ac.ir/sites/default/files/pictures/picture-1824-1487719688.jpg,دکتر مهدی حمزه نژاد,استاديار,دانشکده معماري و شهرسازي
http://its.iust.ac.ir/profile/heydari,https://its.iust.ac.ir/sites/default/files/userpics/picture-532-1531556902_0.jpg,دکتر حسین حیدری,دانشيار,دانشکده مهندسي برق
http://its.iust.ac.ir/profile/mheydari,https://its.iust.ac.ir/sites/default/files/pictures/picture-844-2069681921.jpg,مهدی حیدری,دانشيار,دانشکده مهندسي صنايع
http://its.iust.ac.ir/profile/h_heydari,https://its.iust.ac.ir/sites/default/files/userpics/picture-7004-1607758405_0.jpg,حمیدرضا حیدری,استاديار,دانشکده مهندسي راه آهن
http://its.iust.ac.ir/profile/mkhakzand,https://its.iust.ac.ir/sites/default/files/userpics/picture-872-1480855034_0.jpg,دکتر مهدی خاک زند,دانشيار,دانشکده معماري و شهرسازي
http://its.iust.ac.ir/profile/khaleghi,https://its.iust.ac.ir/sites/default/files/pictures/picture-662-1086112252.jpg,غلام حسین خالقی,مربي,دانشکده مهندسي صنايع
http://its.iust.ac.ir/profile/khanmohammadi,https://its.iust.ac.ir/sites/default/files/userpics/picture-670-1539530565.jpg,دکتر محمدعلی خان محمدی آق کند,دانشيار,دانشکده معماري و شهرسازي
http://its.iust.ac.ir/profile/khanmirza,https://its.iust.ac.ir/sites/default/files/pictures/picture-7621-2014088774.jpg,دکتر اسماعیل خان میرزا,دانشيار,دانشکده مهندسي مکانيک
http://its.iust.ac.ir/profile/khanzadi,https://its.iust.ac.ir/sites/default/files/pictures/picture-672-177050820.jpg,دکتر مصطفی خانزادی,استاد,دانشکده مهندسي عمران
http://its.iust.ac.ir/profile/khanof,https://its.iust.ac.ir/sites/default/files/pictures/picture-671-937686979.jpg,محمد حسن خانف,مربي,دانشکده مهندسي شيمي، نفت و گاز
http://its.iust.ac.ir/profile/khanizad,https://its.iust.ac.ir/sites/default/files/userpics/picture-48565-1595295601.jpg,رحیم خانی زاد,استاديار,دانشکده مهندسي پيشرفت
http://its.iust.ac.ir/profile/khavandi,https://its.iust.ac.ir/sites/default/files/userpics/picture-56883-1610188801.jpg,علیرضا خاوندی,استاد,دانشکده مواد و متالورژي
http://its.iust.ac.ir/profile/khorram,https://its.iust.ac.ir/sites/default/files/pictures/picture-681-845071412.jpg,مهدی خرم,استاديار,دانشکده معماري و شهرسازي
http://its.iust.ac.ir/profile/khoramishad,https://its.iust.ac.ir/sites/default/files/pictures/picture-2321-128798460.jpg,دکتر هادی خرمی شاد,دانشيار,دانشکده مهندسي مکانيک
http://its.iust.ac.ir/profile/rkhosroshahi,http://its.iust.ac.ir/sites/all/modules/iust/images/anonymous.png,روح اله خسرو شاهی,استاديار,دانشکده مواد و متالورژي
http://its.iust.ac.ir/profile/khatibi,https://its.iust.ac.ir/sites/default/files/userpics/picture-57527-1612081425.jpg,وحید خطیبی,استاديار,دانشکده مهندسي صنايع
http://its.iust.ac.ir/profile/khalaja,https://its.iust.ac.ir/sites/default/files/pictures/picture-660-25086726.jpg,دکتر محمد خلج امیرحسینی,استاد,دانشکده مهندسي برق
http://its.iust.ac.ir/profile/ab_khalkhali,https://its.iust.ac.ir/sites/default/files/pictures/picture-2496-1767099416.jpg,دکتر ابوالفضل خلخالی,دانشيار,دانشکده مهندسي خودرو
http://its.iust.ac.ir/profile/akhalili,https://its.iust.ac.ir/sites/default/files/userpics/picture-20549-1539530565.jpg,دکتر احمد خلیلی,استاديار,دانشکده معماري و شهرسازي
http://its.iust.ac.ir/profile/khanjari,https://its.iust.ac.ir/sites/default/files/pictures/picture-2492-2115612660.jpg,دکتر عین الله خنجری,استاديار,دانشکده مهندسی کامپیوتر
http://its.iust.ac.ir/profile/khoshkish,https://its.iust.ac.ir/sites/default/files/pictures/picture-683-951262352.jpg,دکتر حسین خوشکیش,--------,دانشکده مهندسي مکانيک
http://its.iust.ac.ir/profile/reza_kheyroddin,https://its.iust.ac.ir/sites/default/files/pictures/picture-3453-2089972664.jpg,دکتر رضا خیرالدین,دانشيار,دانشکده معماري و شهرسازي
http://its.iust.ac.ir/profile/mdadvar,http://its.iust.ac.ir/sites/all/modules/iust/images/anonymous.png,مرتضی دادور آلانق,استاديار,گروه آموزشي معارف اسلامي
http://its.iust.ac.ir/profile/ed_farahani,http://its.iust.ac.ir/sites/all/modules/iust/images/anonymous.png,احسان دارستانی فراهانی,استاديار,دانشکده مهندسي برق
http://its.iust.ac.ir/profile/daneshpour,https://its.iust.ac.ir/sites/default/files/pictures/picture-329-1578795715.jpg,دکتر سیدعبدالهادی دانشپور,استاد,دانشکده معماري و شهرسازي
http://its.iust.ac.ir/profile/kjoo,https://its.iust.ac.ir/sites/default/files/pictures/picture-1590-32411812.jpg,دکتر کامران دانشجو,استاد,دانشکده مهندسي مکانيک
http://its.iust.ac.ir/profile/davoodabadi,http://its.iust.ac.ir/sites/all/modules/iust/images/anonymous.png,مرضیه داودآبادی فراهانی,استاديار,دانشکده مهندسی کامپیوتر
http://its.iust.ac.ir/profile/bdavoodi,https://its.iust.ac.ir/sites/default/files/userpics/picture-14041-1539530565.jpg,دکتر بهنام داودی,دانشيار,دانشکده مهندسي مکانيک
http://its.iust.ac.ir/profile/f_dk,https://its.iust.ac.ir/sites/default/files/pictures/picture-384-507799994.jpg,دکتر فاطمه دباغ کاشانی,دانشيار,دانشکده فيزيک
http://its.iust.ac.ir/profile/rdashti,https://its.iust.ac.ir/sites/default/files/pictures/picture-6843-201050395.jpg,دکتر رضا دشتی,دانشيار,دانشکده فناوريهای نوين
http://its.iust.ac.ir/profile/mdekamin,https://its.iust.ac.ir/sites/default/files/pictures/picture-811-676934298.jpg,دکتر محمدقربان دکامین,استاد,دانشکده شيمي
http://its.iust.ac.ir/profile/daliri,https://its.iust.ac.ir/sites/default/files/userpics/picture-1987-1531555934_0.jpg,دکتر محمد رضا دلیری,استاد,دانشکده مهندسي برق
http://its.iust.ac.ir/profile/dehghannezhad,https://its.iust.ac.ir/sites/default/files/userpics/picture-13393-1539530565.jpg,دکتر اکبر دهقان نژاد,دانشيار,دانشکده رياضي
http://its.iust.ac.ir/profile/edehghani,http://its.iust.ac.ir/sites/all/modules/iust/images/anonymous.png,احسان دهقانی برسیانی,استاديار,دانشکده مهندسي صنايع
http://its.iust.ac.ir/profile/tafti,http://its.iust.ac.ir/sites/all/modules/iust/images/anonymous.png,محسن دهقانی تفتی,استاديار,دانشکده معماري و شهرسازي
http://its.iust.ac.ir/profile/mdahmardeh,https://its.iust.ac.ir/sites/default/files/userpics/picture-15611-1488621734_0.jpg,دکتر مسعود دهمرده,استاديار,دانشکده مهندسي خودرو
http://its.iust.ac.ir/profile/adiyanat,https://its.iust.ac.ir/sites/default/files/userpics/picture-42632-1577791575.jpg,دکتر ابوالفضل دیانت,استاديار,دانشکده مهندسی کامپیوتر
http://its.iust.ac.ir/profile/divandari,https://its.iust.ac.ir/sites/default/files/userpics/picture-11684-1550147843.jpg,دکتر مهدی دیواندری,دانشيار,دانشکده مواد و متالورژي
http://its.iust.ac.ir/profile/zakeria,https://its.iust.ac.ir/sites/default/files/userpics/picture-1297-1547371994.jpg,دکتر علیرضا ذاکری,دانشيار,دانشکده مواد و متالورژي
http://its.iust.ac.ir/profile/zakery,https://its.iust.ac.ir/sites/default/files/userpics/picture-24774-1539530565.jpg,دکتر امیر ذاکری,استاديار,دانشکده مهندسي پيشرفت
http://its.iust.ac.ir/profile/zakeri,https://its.iust.ac.ir/sites/default/files/pictures/picture-1296-1769624630.jpg,دکتر جبارعلی ذاکری سردرودی,استاد,دانشکده مهندسي راه آهن
http://its.iust.ac.ir/profile/shzabihifar,http://its.iust.ac.ir/sites/all/modules/iust/images/anonymous.png,سید حسن ذبیحی فر,استاديار,دانشکده مهندسي مکانيک
http://its.iust.ac.ir/profile/zabihi,http://its.iust.ac.ir/sites/all/modules/iust/images/anonymous.png,ذبیح اله ذبیحی لهرمی,استاديار,دانشکده فيزيک
http://its.iust.ac.ir/profile/bagher,https://its.iust.ac.ir/sites/default/files/userpics/picture-259-1548593337_0.jpg,دکتر باقر ذهبیون,دانشيار,دانشکده مهندسي عمران
http://its.iust.ac.ir/profile/raahemi,https://its.iust.ac.ir/sites/default/files/pictures/picture-1342-1280051405.jpg,بیژن راحمی,--------,دانشکده مهندسی کامپیوتر
http://its.iust.ac.ir/profile/rahemi,http://its.iust.ac.ir/sites/all/modules/iust/images/anonymous.png,نرجس راحمی نوش آبادی,استاديار,دانشکده مهندسي برق
http://its.iust.ac.ir/profile/razeghi,https://its.iust.ac.ir/sites/default/files/pictures/picture-1015-366150488.jpg,دکتر حمیدرضا رازقی,دانشيار,دانشکده مهندسي عمران
http://its.iust.ac.ir/profile/hoseinraie,https://its.iust.ac.ir/sites/default/files/userpics/picture-48863-1595915541.jpg,حسین راعی,استاديار,دانشکده معماري و شهرسازي
http://its.iust.ac.ir/profile/mraissi,https://its.iust.ac.ir/sites/default/files/pictures/picture-2948-1502703132.jpg,دکتر مرتضی رئیسی دهکردی,دانشيار,دانشکده مهندسي عمران
http://its.iust.ac.ir/profile/m_rabani,https://its.iust.ac.ir/sites/default/files/pictures/picture-1669-1975414039.jpg,دکتر محبوبه ربانی,دانشيار,دانشکده شيمي
http://its.iust.ac.ir/profile/majid_rajabi,https://its.iust.ac.ir/sites/default/files/userpics/picture-14115-1539530565.jpg,مجید رجبی,دانشيار,دانشکده مهندسي مکانيک
http://its.iust.ac.ir/profile/h_rahmani,https://its.iust.ac.ir/sites/default/files/userpics/picture-17641-1539530565.jpg,دکتر حسین رحمانی,استاديار,دانشکده مهندسی کامپیوتر
http://its.iust.ac.ir/profile/rahmanifard,https://its.iust.ac.ir/sites/default/files/pictures/picture-5386-1870692942.jpg,دکتر روح اله رحمانی فرد,استاديار,دانشکده فناوريهای نوين
http://its.iust.ac.ir/profile/rahmati,https://its.iust.ac.ir/sites/default/files/userpics/picture-993-1531552636_0.jpg,دکتر عبدالرضا رحمتی,دانشيار,دانشکده مهندسي برق
http://its.iust.ac.ir/profile/rahimi_rah,https://its.iust.ac.ir/sites/default/files/pictures/picture-987-133938745.jpg,دکتر رحمت اله رحیمی,استاد,دانشکده شيمي
http://its.iust.ac.ir/profile/rastgar,https://its.iust.ac.ir/sites/default/files/pictures/picture-1010-1837530379.jpg,طاهره رستگار,--------,دانشکده مهندسي شيمي، نفت و گاز
http://its.iust.ac.ir/profile/rastegari,https://its.iust.ac.ir/sites/default/files/pictures/picture-1009-2123142649.jpg,دکتر سعید رستگاری,دانشيار,دانشکده مواد و متالورژي
http://its.iust.ac.ir/profile/rostamnia,https://its.iust.ac.ir/sites/default/files/userpics/picture-50340-1601347201.jpg,صادق رستم نیا,استاد,دانشکده شيمي
http://its.iust.ac.ir/profile/rasouli,https://its.iust.ac.ir/sites/default/files/userpics/picture-21676-1539530565.jpg,دکتر محمدرضا رسولی,دانشيار,دانشکده مهندسي صنايع
http://its.iust.ac.ir/profile/rashidinia,https://its.iust.ac.ir/sites/default/files/pictures/picture-1006-30239904.jpg,دکتر جلیل رشیدی نیا,استاد,دانشکده رياضي
http://its.iust.ac.ir/profile/mrezaei,https://its.iust.ac.ir/sites/default/files/userpics/picture-29456-1555144598.jpg,دکتر مهران رضائی,استاد,دانشکده مهندسي شيمي، نفت و گاز
http://its.iust.ac.ir/profile/hrezaie,https://its.iust.ac.ir/sites/default/files/pictures/picture-557-1362263676.jpg,دکتر حمیدرضا رضایی,استاد,دانشکده مواد و متالورژي
http://its.iust.ac.ir/profile/rezai,https://its.iust.ac.ir/sites/default/files/pictures/picture-1025-1758528956.jpg,غلامعلی رضایی راد,دانشيار,دانشکده مهندسي برق
http://its.iust.ac.ir/profile/rezvani_ma,https://its.iust.ac.ir/sites/default/files/pictures/picture-2416-102737499.jpg,دکتر محمدعلی رضوانی,دانشيار,دانشکده مهندسي راه آهن
http://its.iust.ac.ir/profile/hrazavi,https://its.iust.ac.ir/sites/default/files/pictures/picture-554-1592508370.jpg,دکتر سید حسین رضوی,دانشيار,دانشکده مواد و متالورژي
http://its.iust.ac.ir/profile/hrazavizadeh,https://its.iust.ac.ir/sites/default/files/pictures/picture-556-297190.jpg,حکمت رضوی زاده,نا مشخص,دانشکده مواد و متالورژي
http://its.iust.ac.ir/profile/smrazavi,https://its.iust.ac.ir/sites/default/files/pictures/picture-2295-1775860920.jpg,دکتر سید محمد رضوی زاده,دانشيار,دانشکده مهندسي برق
http://its.iust.ac.ir/profile/rafieiatani,https://its.iust.ac.ir/sites/default/files/pictures/picture-10732-731661394.jpg,دکتر عطا اله رفیعی آتانی,استاديار,دانشکده مهندسي پيشرفت
http://its.iust.ac.ir/profile/ghr,https://its.iust.ac.ir/sites/default/files/pictures/picture-460-144688183.jpg,غلامرضا رمضان نیا,مربي,دانشکده مهندسي صنايع
http://its.iust.ac.ir/profile/roientan,http://its.iust.ac.ir/sites/all/modules/iust/images/anonymous.png,غلامحسین روئین تن,نا مشخص,دانشکده مهندسي برق
http://its.iust.ac.ir/profile/roozbahani,https://its.iust.ac.ir/sites/default/files/userpics/picture-65945-1635993601.jpg,محمد حسین روزبهانی,استاديار,دانشکده مهندسي مکانيک
http://its.iust.ac.ir/profile/rowshanzamir,https://its.iust.ac.ir/sites/default/files/userpics/picture-1048-1496740556.gif,دکتر سوسن روشن ضمیر,دانشيار,دانشکده مهندسي شيمي، نفت و گاز
http://its.iust.ac.ir/profile/rahbarm,https://its.iust.ac.ir/sites/default/files/userpics/picture-41486-1574678505.jpg,دکتر مرتضی رهبر,استاديار,دانشکده معماري و شهرسازي
http://its.iust.ac.ir/profile/ahmadrahbar,https://its.iust.ac.ir/sites/default/files/pictures/picture-2323-621167823.jpg,دکتر احمد رهبر کلیشمی,استاد,دانشکده مهندسي شيمي، نفت و گاز
http://its.iust.ac.ir/profile/riahi,https://its.iust.ac.ir/sites/default/files/pictures/picture-1034-1278546708.jpg,دکتر محمد ریاحی,استاد,دانشکده مهندسي مکانيک
http://its.iust.ac.ir/profile/zarepour,https://its.iust.ac.ir/sites/default/files/userpics/picture-24741-1539530565.jpg,دکتر عیسی زارع پور,استاديار,دانشکده مهندسی کامپیوتر
http://its.iust.ac.ir/profile/zaredorabei,https://its.iust.ac.ir/sites/default/files/pictures/picture-2403-1656301515.jpg,دکتر روح الله زارع دورابی,دانشيار,دانشکده شيمي
http://its.iust.ac.ir/profile/bzarer,https://its.iust.ac.ir/sites/default/files/userpics/picture-26509-1547372786.jpg,دکتر بابک زارع رمشتی,دانشيار,دانشکده فيزيک
http://its.iust.ac.ir/profile/fzareayan,http://its.iust.ac.ir/sites/all/modules/iust/images/anonymous.png,فاطمه زارعیان جهرمی,استاديار,دانشکده مهندسي برق
http://its.iust.ac.ir/profile/zahediar,https://its.iust.ac.ir/sites/default/files/pictures/picture-7904-1920449620.jpg,دکتر علیرضا زاهدی,دانشيار,دانشکده فناوريهای نوين
http://its.iust.ac.ir/profile/zarkesh,https://its.iust.ac.ir/sites/default/files/pictures/picture-1304-708229095.jpg,فیروزه زرکش یزدی,نا مشخص,دانشکده شيمي
http://its.iust.ac.ir/profile/r_zamani,https://its.iust.ac.ir/sites/default/files/pictures/picture-2017-1212588293.jpg,دکتر محمد رضا زمانی,دانشيار,دانشکده فيزيک
http://its.iust.ac.ir/profile/r_zanganeh,https://its.iust.ac.ir/sites/default/files/userpics/picture-91212-1724832430_0.jpg,روح اله زنگانه,استاديار,دانشکده مهندسي عمران
http://its.iust.ac.ir/profile/h.ziari,https://its.iust.ac.ir/sites/default/files/pictures/picture-470-57341443.jpg,دکتر حسن زیاری,استاد,دانشکده مهندسي عمران
http://its.iust.ac.ir/profile/hsakiani,https://its.iust.ac.ir/sites/default/files/userpics/picture-92263-1740559080_0.jpg,حسن ساکیانی,استاديار,دانشکده مواد و متالورژي
http://its.iust.ac.ir/profile/salarimdj,https://its.iust.ac.ir/sites/default/files/pictures/picture-1101-136975971.jpg,محمد جواد سالاری,--------,دانشکده مهندسي صنايع
http://its.iust.ac.ir/profile/sobhanifard,https://its.iust.ac.ir/sites/default/files/userpics/picture-20502-1539530565.jpg,دکتر یاسر سبحانی فرد,دانشيار,دانشکده مهندسي پيشرفت
http://its.iust.ac.ir/profile/sabzposh,https://its.iust.ac.ir/sites/default/files/userpics/picture-1081-1531555795_0.jpg,سیدحجت سبزپوشان,استاديار,دانشکده مهندسي برق
http://its.iust.ac.ir/profile/sjsadjadi,https://its.iust.ac.ir/sites/default/files/pictures/picture-1196-1899049974.jpg,دکتر سید جعفر سجادی,استاد,دانشکده مهندسي صنايع
http://its.iust.ac.ir/profile/ghaemmaghami,https://its.iust.ac.ir/sites/default/files/pictures/picture-1466-633157921.jpg,پروین السادات سجادی قائم مقامی,نا مشخص,دانشکده معماري و شهرسازي
http://its.iust.ac.ir/profile/hsarpoolaky,https://its.iust.ac.ir/sites/default/files/pictures/picture-559-1932406177.jpg,دکتر حسین سرپولکی,استاد,دانشکده مواد و متالورژي
http://its.iust.ac.ir/profile/msarvi,http://its.iust.ac.ir/sites/all/modules/iust/images/anonymous.png,محمد سروی,دانشيار,دانشکده مهندسي برق
http://its.iust.ac.ir/profile/soryani,https://its.iust.ac.ir/sites/default/files/pictures/picture-1210-100880817.jpg,دکتر محسن سریانی,دانشيار,دانشکده مهندسی کامپیوتر
http://its.iust.ac.ir/profile/msaadatpour,https://its.iust.ac.ir/sites/default/files/userpics/picture-943-1558949482.jpg,دکتر مطهره سعادت پور,دانشيار,دانشکده مهندسي عمران
http://its.iust.ac.ir/profile/rsaadati,https://its.iust.ac.ir/sites/default/files/pictures/picture-7433-1710255656.jpg,دکتر رضا سعادتی,دانشيار,دانشکده رياضي
http://its.iust.ac.ir/profile/saadatinasab,http://its.iust.ac.ir/sites/all/modules/iust/images/anonymous.png,محمد امیر سعادتی نسب,استاديار,دانشکده شيمي
http://its.iust.ac.ir/profile/asaeedia,https://its.iust.ac.ir/sites/default/files/pictures/picture-14077-866097710.jpg,دکتر علیرضا سعیدی عزیز کندی,دانشيار,دانشکده مهندسي عمران
http://its.iust.ac.ir/profile/hsaeidi,https://its.iust.ac.ir/sites/default/files/pictures/picture-10779-1484386864.jpg,دکتر حامد سعیدی گوگرچین,دانشيار,دانشکده مهندسي خودرو
http://its.iust.ac.ir/profile/mehrabad,https://its.iust.ac.ir/sites/default/files/pictures/picture-818-2122848690.jpg,محمد سعیدی مهرآباد,استاد,دانشکده مهندسي صنايع
http://its.iust.ac.ir/profile/ssaiedinezhad,https://its.iust.ac.ir/sites/default/files/pictures/picture-1442-374247598.jpg,دکتر سمیه سعیدی نژاد,دانشيار,دانشکده رياضي
http://its.iust.ac.ir/profile/salahshoor,https://its.iust.ac.ir/sites/default/files/userpics/picture-78909-1655624442.jpg,مصطفی سلحشور,استاديار,دانشکده فيزيک
http://its.iust.ac.ir/profile/mansour_soltanieh,https://its.iust.ac.ir/sites/default/files/userpics/picture-781-1484568894_0.jpg,دکتر منصور سلطانیه,استاد,دانشکده مواد و متالورژي
http://its.iust.ac.ir/profile/soleimani,https://its.iust.ac.ir/sites/default/files/userpics/picture-1207-1553254864.jpg,دکتر محمد سلیمانی,استاد,دانشکده مهندسي برق
http://its.iust.ac.ir/profile/hsoleimani,https://its.iust.ac.ir/sites/default/files/userpics/picture-44216-1633927812_0.jpg,دکتر حسین سلیمانی,استاديار,دانشکده مهندسي برق
http://its.iust.ac.ir/profile/sohrabi_b,https://its.iust.ac.ir/sites/default/files/pictures/picture-1312-1967018410.jpg,دکتر بهشته سهرابی,استاد,دانشکده شيمي
http://its.iust.ac.ir/profile/siadatmousavi,https://its.iust.ac.ir/sites/default/files/pictures/picture-6151-859159565.jpg,دکتر سیدمصطفی سیادت موسوی,دانشيار,دانشکده مهندسي عمران
http://its.iust.ac.ir/profile/s_siadat,https://its.iust.ac.ir/sites/default/files/pictures/picture-1071-333382420.jpg,سیدسعید سیادت نژاد,مربي,دانشکده مهندسي عمران
http://its.iust.ac.ir/profile/msiavashi,https://its.iust.ac.ir/sites/default/files/pictures/picture-7889-688267893.jpg,دکتر مجید سیاوشی,دانشيار,دانشکده مهندسي مکانيک
http://its.iust.ac.ir/profile/seyedsadjadi,https://its.iust.ac.ir/sites/default/files/pictures/picture-1141-999865441.jpg,دکتر سید ابوالفضل سید سجادی,استاد,دانشکده شيمي
http://its.iust.ac.ir/profile/seyedhosseini,https://its.iust.ac.ir/sites/default/files/pictures/picture-1140-657553223.jpg,دکتر سیدمحمد سیدحسینی,استاد,دانشکده مهندسي صنايع
http://its.iust.ac.ir/profile/seyedein,https://its.iust.ac.ir/sites/default/files/pictures/picture-1139-343562587.jpg,دکتر سیدحسین سیدین,استاد,دانشکده مواد و متالورژي
http://its.iust.ac.ir/profile/seifi,https://its.iust.ac.ir/sites/default/files/userpics/picture-20866-1539530565.jpg,دکتر حمید سیفی,استاديار,گروه آموزشي تربيت بدني
http://its.iust.ac.ir/profile/shabakhty,https://its.iust.ac.ir/sites/default/files/userpics/picture-17669-1539530565.jpg,دکتر ناصر شابختی,دانشيار,دانشکده مهندسي عمران
http://its.iust.ac.ir/profile/shalchyan,https://its.iust.ac.ir/sites/default/files/userpics/picture-9916-1531556062_0.jpg,دکتر وحید شالچیان,دانشيار,دانشکده مهندسي برق
http://its.iust.ac.ir/profile/hshsh,https://its.iust.ac.ir/sites/default/files/userpics/picture-561-1531554835_0.jpg,دکتر هادی شهریار شاه حسینی,دانشيار,دانشکده مهندسي برق
http://its.iust.ac.ir/profile/shahrokh,https://its.iust.ac.ir/sites/default/files/pictures/picture-1161-1270311896.jpg,دکتر شاهرخ شاه حسینی,استاد,دانشکده مهندسي شيمي، نفت و گاز
http://its.iust.ac.ir/profile/shahali,https://its.iust.ac.ir/sites/default/files/pictures/picture-1324-719947226.jpg,دکتر احمدرضا شاه علی,دانشيار,گروه آموزشي معارف اسلامي
http://its.iust.ac.ir/profile/mshahmiri,https://its.iust.ac.ir/sites/default/files/pictures/picture-14140-2110186280.jpg,دکتر محمد شاهمیری,دانشيار,دانشکده مواد و متالورژي
http://its.iust.ac.ir/profile/jalil,https://its.iust.ac.ir/sites/default/files/pictures/picture-590-1181962186.jpg,دکتر جلیل شاهی خرمی,دانشيار,دانشکده مهندسي عمران
http://its.iust.ac.ir/profile/shayanfar,https://its.iust.ac.ir/sites/default/files/pictures/picture-1175-2030915149.jpg,دکتر محسنعلی شایانفر,استاد,دانشکده مهندسي عمران
http://its.iust.ac.ir/profile/hashayanfar,https://its.iust.ac.ir/sites/default/files/userpics/picture-1497-1531556438_0.jpg,دکتر حیدر علی شایانفر,استاد,دانشکده مهندسي برق
http://its.iust.ac.ir/profile/shaygan,https://its.iust.ac.ir/sites/default/files/pictures/picture-2320-540140171.jpg,دکتر مهدی شایگان منش,دانشيار,دانشکده فيزيک
http://its.iust.ac.ir/profile/golbabai,https://its.iust.ac.ir/sites/default/files/pictures/picture-464-340793439.jpg,دکتر احمد شایگان منش,استاد,دانشکده رياضي
http://its.iust.ac.ir/profile/shabestari,https://its.iust.ac.ir/sites/default/files/userpics/picture-1147-1481440209_0.jpg,دکتر سعید شبستری,استاد,دانشکده مواد و متالورژي
http://its.iust.ac.ir/profile/shojaia110,https://its.iust.ac.ir/sites/default/files/pictures/picture-1548-52666723.jpg,غلامعلی شجاع منظری,استاديار,گروه آموزشي معارف اسلامي
http://its.iust.ac.ir/profile/mhshf,https://its.iust.ac.ir/sites/default/files/pictures/picture-847-816574332.jpg,دکتر محمدحسن شجاعی فرد,استاد,دانشکده مهندسي مکانيک
http://its.iust.ac.ir/profile/shojaeefard,https://its.iust.ac.ir/sites/default/files/pictures/picture-1186-614192787.jpg,دکتر محمد حسن شجاعی فرد,استاد,دانشکده مهندسي مکانيک
http://its.iust.ac.ir/profile/shariat,https://its.iust.ac.ir/sites/default/files/pictures/picture-1169-459494446.jpg,دکتر افشین شریعت مهیمنی,استاد,دانشکده مهندسي عمران
http://its.iust.ac.ir/profile/shariati,https://its.iust.ac.ir/sites/default/files/pictures/picture-3760-641567660.jpg,جمال الدین شریعتی,مربي,گروه آموزشي تربيت بدني
http://its.iust.ac.ir/profile/msharifi,https://its.iust.ac.ir/sites/default/files/pictures/picture-14143-853763846.jpg,دکتر محسن شریفی,استاد,دانشکده مهندسی کامپیوتر
http://its.iust.ac.ir/profile/omidshafia,https://its.iust.ac.ir/sites/default/files/pictures/picture-947-1290311616.jpg,دکتر محمدعلی شفیعا,دانشيار,دانشکده مهندسي صنايع
http://its.iust.ac.ir/profile/shokrieh,https://its.iust.ac.ir/sites/default/files/pictures/picture-1188-32571640.jpg,دکتر محمودمهرداد شکریه,استاد,دانشکده مهندسي مکانيک
http://its.iust.ac.ir/profile/shokouhi,https://its.iust.ac.ir/sites/default/files/userpics/picture-20541-1539530565.jpg,دکتر محمد صالح شکوهی بیدهندی,استاديار,دانشکده معماري و شهرسازي
http://its.iust.ac.ir/profile/shamaghdari,https://its.iust.ac.ir/sites/default/files/userpics/picture-7944-1531646669_0.jpg,دکتر سعید شمقدری,دانشيار,دانشکده مهندسي برق
http://its.iust.ac.ir/profile/shavvalpour,https://its.iust.ac.ir/sites/default/files/pictures/picture-10513-1511222371.jpg,دکتر سعید شوال پور آرانی,دانشيار,دانشکده مهندسي پيشرفت
http://its.iust.ac.ir/profile/shoulaie,https://its.iust.ac.ir/sites/default/files/userpics/picture-1191-1531556513_0.jpg,دکتر عباس شولایی,استاد,دانشکده مهندسي برق
http://its.iust.ac.ir/profile/shahanaghi,https://its.iust.ac.ir/sites/default/files/pictures/picture-1153-1422044989.jpg,دکتر کامران شهانقی,دانشيار,دانشکده مهندسي صنايع
http://its.iust.ac.ir/profile/shahbazi62,http://its.iust.ac.ir/sites/all/modules/iust/images/anonymous.png,محمد شهبازی,استاديار,گروه آموزشي معارف اسلامي
http://its.iust.ac.ir/profile/shahbazi,https://its.iust.ac.ir/sites/default/files/userpics/picture-42953-1578811491.jpg,دکتر محمد شهبازی اغبلاغ,استاديار,دانشکده مهندسي مکانيک
http://its.iust.ac.ir/profile/m_shahravi,https://its.iust.ac.ir/sites/default/files/pictures/picture-742-1747690222.jpg,دکتر مجید شهروی,دانشيار,دانشکده مهندسي راه آهن
http://its.iust.ac.ir/profile/shahriari,https://its.iust.ac.ir/sites/default/files/userpics/picture-1159-1533537663_0.jpg,دکتر غلامرضا شهریاری مقدم,استاديار,دانشکده مهندسي مکانيک
http://its.iust.ac.ir/profile/sheikh,https://its.iust.ac.ir/sites/default/files/userpics/picture-1177-1570089616_0.jpg,دکتر عبدالرضا شیخ الاسلامی کندلوسی,دانشيار,دانشکده مهندسي عمران
http://its.iust.ac.ir/profile/msbafghi,https://its.iust.ac.ir/sites/default/files/pictures/picture-946-826627236.jpg,دکتر محمد شیخ شاب بافقی,استاد,دانشکده مواد و متالورژي
http://its.iust.ac.ir/profile/shirzad,https://its.iust.ac.ir/sites/default/files/pictures/picture-2247-1427043264.jpg,دکتر علی اکبر شیرزادی جاوید,دانشيار,دانشکده مهندسي عمران
http://its.iust.ac.ir/profile/shirvani.m,https://its.iust.ac.ir/sites/default/files/pictures/picture-1183-182027074.jpg,دکتر منصور شیروانی,دانشيار,دانشکده مهندسي شيمي، نفت و گاز
http://its.iust.ac.ir/profile/es_shieh,https://its.iust.ac.ir/sites/default/files/pictures/picture-362-574399111.jpg,دکتر اسماعیل شیعه,استاد,دانشکده معماري و شهرسازي
http://its.iust.ac.ir/profile/msabermahani,https://its.iust.ac.ir/sites/default/files/userpics/picture-2906-1702105230_0.jpg,دکتر محسن صابرماهانی,دانشيار,دانشکده مهندسي عمران
http://its.iust.ac.ir/profile/hadi_sahebi,https://its.iust.ac.ir/sites/default/files/userpics/picture-10502-1505288457.jpg,دکتر هادی صاحبی شاهم آبادی,دانشيار,دانشکده مهندسي صنايع
http://its.iust.ac.ir/profile/sadeghzadeh,https://its.iust.ac.ir/sites/default/files/pictures/picture-1583-1426591461.jpg,دکتر صادق صادق زاده,دانشيار,دانشکده فناوريهای نوين
http://its.iust.ac.ir/profile/sadeghim_t,https://its.iust.ac.ir/sites/default/files/pictures/picture-1083-1741087650.jpg,محمد تقی صادقی,استاد,دانشکده مهندسي شيمي، نفت و گاز
http://its.iust.ac.ir/profile/sadeghy,http://its.iust.ac.ir/sites/all/modules/iust/images/anonymous.png,محمد صادقی,استاديار,دانشکده فناوريهای نوين
http://its.iust.ac.ir/profile/naeini,https://its.iust.ac.ir/sites/default/files/userpics/picture-18-1539530500.jpg,دکتر حسن صادقی نائینی,دانشيار,دانشکده معماري و شهرسازي
http://its.iust.ac.ir/profile/salehzadeh,https://its.iust.ac.ir/sites/default/files/pictures/picture-1107-518045716.jpg,دکتر حسین صالح زاده,دانشيار,دانشکده مهندسي عمران
http://its.iust.ac.ir/profile/s_m_salehi,https://its.iust.ac.ir/sites/default/files/userpics/picture-40246-1573455240.jpg,دکتر سیدمیعاد صالحی,استاديار,دانشکده مهندسي پيشرفت
http://its.iust.ac.ir/profile/salehi,https://its.iust.ac.ir/sites/default/files/pictures/picture-1103-454459890.jpg,دکتر محمدتقی صالحی,دانشيار,دانشکده مواد و متالورژي
http://its.iust.ac.ir/profile/maryamsalehi,https://its.iust.ac.ir/sites/default/files/userpics/picture-1693-1570964365_0.jpg,دکتر مریم صالحی,استاديار,دانشکده مواد و متالورژي
http://its.iust.ac.ir/profile/sarahsalehi,https://its.iust.ac.ir/sites/default/files/userpics/picture-87733-1685793302_0.jpg,سیده سارا صالحی,استاديار,دانشکده مهندسي مکانيک
http://its.iust.ac.ir/profile/neda_monfared,https://its.iust.ac.ir/sites/default/files/pictures/picture-2456-1711416553.jpg,ندا سادات صحراگرد منفرد,استاديار,دانشکده معماري و شهرسازي
http://its.iust.ac.ir/profile/sadr,https://its.iust.ac.ir/sites/default/files/userpics/picture-1085-1531554775_0.jpg,دکتر علی صدر,دانشيار,دانشکده مهندسي برق
http://its.iust.ac.ir/profile/sedighy,https://its.iust.ac.ir/sites/default/files/userpics/picture-1375-1571829139.png,دکتر سیدحسن صدیقی,دانشيار,دانشکده فناوريهای نوين
http://its.iust.ac.ir/profile/sedighi,https://its.iust.ac.ir/sites/default/files/userpics/picture-1131-1506953870_0.jpg,دکتر محمد صدیقی,استاد,دانشکده مهندسي مکانيک
http://its.iust.ac.ir/profile/ms_dezfuli,https://its.iust.ac.ir/sites/default/files/pictures/picture-942-1416089902.jpg,دکتر محسن صفاردزفولی,استاديار,دانشکده معماري و شهرسازي
http://its.iust.ac.ir/profile/saffari,https://its.iust.ac.ir/sites/default/files/pictures/picture-1094-801641825.jpg,دکتر حمید صفاری نطنزی,دانشيار,دانشکده مهندسي مکانيک
http://its.iust.ac.ir/profile/vsafarifard,https://its.iust.ac.ir/sites/default/files/userpics/picture-21279-1539530565.jpg,دکتر وحید صفری فرد,دانشيار,دانشکده شيمي
http://its.iust.ac.ir/profile/safizadeh,https://its.iust.ac.ir/sites/default/files/pictures/picture-1095-1024625303.jpg,دکتر میر سعید صفی زاده,دانشيار,دانشکده مهندسي مکانيک
http://its.iust.ac.ir/profile/samadani,https://its.iust.ac.ir/sites/default/files/pictures/picture-1114-841483089.jpg,مریم صمدانی,مربي,دانشکده مواد و متالورژي
http://its.iust.ac.ir/profile/samim,https://its.iust.ac.ir/sites/default/files/pictures/picture-1118-166772987.jpg,دکتر حمیدرضا صمیم بنی هاشمی,استاديار,دانشکده مواد و متالورژي
http://its.iust.ac.ir/profile/sepehr,https://its.iust.ac.ir/sites/default/files/pictures/picture-1136-503860680.jpg,دکتر سپهر صنایع,استاد,دانشکده مهندسي مکانيک
http://its.iust.ac.ir/profile/sanayeayan,https://its.iust.ac.ir/sites/default/files/pictures/picture-1815-1121021021.jpg,هانیه صنایعیان,استاديار,دانشکده معماري و شهرسازي
http://its.iust.ac.ir/profile/sandidzadeh,https://its.iust.ac.ir/sites/default/files/pictures/picture-1122-196350086.jpg,دکتر محمدعلی صندیدزاده,دانشيار,دانشکده مهندسي راه آهن
http://its.iust.ac.ir/profile/taeb,https://its.iust.ac.ir/sites/default/files/pictures/picture-1219-646695064.jpg,دکتر عباس طائب,استاد,دانشکده مهندسي شيمي، نفت و گاز
http://its.iust.ac.ir/profile/rtalebi,https://its.iust.ac.ir/sites/default/files/pictures/picture-1051-357457250.jpg,دکتر روح الله طالبی,استاد,دانشکده مهندسي مکانيک
http://its.iust.ac.ir/profile/tahaei,http://its.iust.ac.ir/sites/all/modules/iust/images/anonymous.png,مائده السادات طاهائی,--------,دانشکده مهندسی کامپیوتر
http://its.iust.ac.ir/profile/taheri,https://its.iust.ac.ir/sites/default/files/pictures/picture-1226-77116689.jpg,دکتر فتح‌الله طاهری بهروز,استاد,دانشکده مهندسي مکانيک
http://its.iust.ac.ir/profile/reyhanehtabatabaei,http://its.iust.ac.ir/sites/all/modules/iust/images/anonymous.png,ریحانه السادات طباطبائی یگانه,استاديار,دانشکده معماري و شهرسازي
http://its.iust.ac.ir/profile/vakily,https://its.iust.ac.ir/sites/default/files/userpics/picture-1260-1531647003_0.jpg,دکتر وحید طباطباوکیلی,استاد,دانشکده مهندسي برق
http://its.iust.ac.ir/profile/mrtalaee,https://its.iust.ac.ir/sites/default/files/userpics/picture-1354-1479883857.png,دکتر محمد رضا طلائی,دانشيار,دانشکده مهندسي راه آهن
http://its.iust.ac.ir/profile/ar_tkian,https://its.iust.ac.ir/sites/default/files/userpics/picture-60142-1619528634.jpg,علیرضا طلوع کیان,استاديار,دانشکده مهندسي راه آهن
http://its.iust.ac.ir/profile/m_tayarani,https://its.iust.ac.ir/sites/default/files/userpics/picture-746-1531647296_0.jpg,دکتر مجید طیرانی,دانشيار,دانشکده مهندسي برق
http://its.iust.ac.ir/profile/habedi,https://its.iust.ac.ir/sites/default/files/userpics/picture-50919-1607326134_0.jpg,حمیدرضا عابدی,استاديار,دانشکده مواد و متالورژي
http://its.iust.ac.ir/profile/rezvanabedini,https://its.iust.ac.ir/sites/default/files/userpics/picture-45969-1586590350.jpg,دکتر رضوان عابدینی,استاديار,دانشکده مهندسي مکانيک
http://its.iust.ac.ir/profile/adelim,https://its.iust.ac.ir/sites/default/files/userpics/picture-116-1479384007_0.jpg,دکتر ماندانا عادلی,دانشيار,دانشکده مواد و متالورژي
http://its.iust.ac.ir/profile/ameri,https://its.iust.ac.ir/sites/default/files/pictures/picture-172-152836830.jpg,دکتر محمود عامری,استاد,دانشکده مهندسي عمران
http://its.iust.ac.ir/profile/ameli,https://its.iust.ac.ir/sites/default/files/userpics/picture-17919-1539530565.jpg,دکتر فروغ عاملی,استاديار,دانشکده مهندسي شيمي، نفت و گاز
http://its.iust.ac.ir/profile/s_ebadollahi,https://its.iust.ac.ir/sites/default/files/userpics/picture-6666-1531646733_0.jpg,دکتر سعید عبادالهی,استاديار,دانشکده مهندسي برق
http://its.iust.ac.ir/profile/abbaszadegan,http://its.iust.ac.ir/sites/all/modules/iust/images/anonymous.png,دکتر مصطفی عباس زادگان,دانشيار,دانشکده معماري و شهرسازي
http://its.iust.ac.ir/profile/mj_abbaszadeh,https://its.iust.ac.ir/sites/default/files/userpics/picture-95869-1760178307_0.jpg,محمد جواد عباس زاده,استاديار,دانشکده معماري و شهرسازي
http://its.iust.ac.ir/profile/abdolali,https://its.iust.ac.ir/sites/default/files/userpics/picture-104-1544103123.jpg,دکتر علی عبد العالی,استاد,دانشکده مهندسي برق
http://its.iust.ac.ir/profile/m_abdolhosseinzadeh,http://its.iust.ac.ir/sites/all/modules/iust/images/anonymous.png,محمد عبدالحسین زاده,استاديار,دانشکده مهندسي پيشرفت
http://its.iust.ac.ir/profile/mahdi_abdolhamid,https://its.iust.ac.ir/sites/default/files/userpics/picture-60346-1620196158.jpg,مهدی عبدالحمید,استاديار,دانشکده مهندسي پيشرفت
http://its.iust.ac.ir/profile/s_abdolah,https://its.iust.ac.ir/sites/default/files/pictures/picture-1054-10091475.jpg,دکتر اسمعیل عبدالله زاده,دانشيار,گروه آموزشي زبانهاي خارجي
http://its.iust.ac.ir/profile/azgomi,https://its.iust.ac.ir/sites/default/files/userpics/picture-239-1481801588_0.jpg,دکتر محمد عبداللهی ازگمی,استاد,دانشکده مهندسی کامپیوتر
http://its.iust.ac.ir/profile/am_abdollahzadeh,http://its.iust.ac.ir/sites/all/modules/iust/images/anonymous.png,امین عبداله زاده,استاديار,دانشکده مواد و متالورژي
http://its.iust.ac.ir/profile/arash_abdi,http://its.iust.ac.ir/sites/all/modules/iust/images/anonymous.png,آرش عبدی هجران دوست,استاديار,دانشکده مهندسی کامپیوتر
http://its.iust.ac.ir/profile/hossein_arab,https://its.iust.ac.ir/sites/default/files/userpics/picture-91588-1709640728_0.jpg,حسین عرب,استاديار,دانشکده مهندسي برق
http://its.iust.ac.ir/profile/khaburi,https://its.iust.ac.ir/sites/default/files/userpics/picture-656-1531557027_0.jpg,دکتر داود عرب خابوری,دانشيار,دانشکده مهندسي برق
http://its.iust.ac.ir/profile/arabi,https://its.iust.ac.ir/sites/default/files/pictures/picture-201-944170788.jpg,دکتر حسین عربی,استاد,دانشکده مواد و متالورژي
http://its.iust.ac.ir/profile/erfanian,https://its.iust.ac.ir/sites/default/files/userpics/picture-361-1531555983_0.jpg,دکتر عباس عرفانیان امیدوار,استاد,دانشکده مهندسي برق
http://its.iust.ac.ir/profile/h_oraizi,https://its.iust.ac.ir/sites/default/files/userpics/picture-487-1531647177_0.jpg,دکتر همایون عریضی اصفهانی,استاد,دانشکده مهندسي برق
http://its.iust.ac.ir/profile/masgari,http://its.iust.ac.ir/sites/all/modules/iust/images/anonymous.png,محمد صادق عسگری,استاديار,دانشکده شيمي
http://its.iust.ac.ir/profile/ashiri,https://its.iust.ac.ir/sites/default/files/userpics/picture-63945-1633574402.jpg,روح اله عشیری,استاديار,دانشکده مواد و متالورژي
http://its.iust.ac.ir/profile/assarehm,https://its.iust.ac.ir/sites/default/files/pictures/picture-10252-2019600589.jpg,دکتر مهدی عصاره,دانشيار,دانشکده مهندسي شيمي، نفت و گاز
http://its.iust.ac.ir/profile/ataei,https://its.iust.ac.ir/sites/default/files/pictures/picture-228-409956539.jpg,دکتر شروان عطایی,دانشيار,دانشکده مهندسي راه آهن
http://its.iust.ac.ir/profile/aghdaee,http://its.iust.ac.ir/sites/all/modules/iust/images/anonymous.png,سیدروح اله عقدایی,استاد,دانشکده فيزيک
http://its.iust.ac.ir/profile/alaeiyan,https://its.iust.ac.ir/sites/default/files/userpics/picture-151-1544103123.jpg,دکتر مهدی علائیان,استاد,دانشکده رياضي
http://its.iust.ac.ir/profile/elmihosseini,https://its.iust.ac.ir/sites/default/files/userpics/picture-51028-1602661514.jpg,سیدرضا علمی حسینی,استاديار,دانشکده مواد و متالورژي
http://its.iust.ac.ir/profile/alavi.m,https://its.iust.ac.ir/sites/default/files/userpics/picture-153-1544103123.jpg,دکتر سیدمهدی علوی املشی,استاد,دانشکده مهندسي شيمي، نفت و گاز
http://its.iust.ac.ir/profile/maliabadi,https://its.iust.ac.ir/sites/default/files/pictures/picture-3715-1467740413.jpg,دکتر محمد علی آبادی,استاد,دانشکده معماري و شهرسازي
http://its.iust.ac.ir/profile/aliahmadi,https://its.iust.ac.ir/sites/default/files/pictures/picture-1480-89394931.jpg,دکتر حسین علی احمدی,استاديار,دانشکده مهندسي پيشرفت
http://its.iust.ac.ir/profile/alireza,https://its.iust.ac.ir/sites/default/files/pictures/picture-10148-349471257.jpg,دکتر علیرضا علی احمدی جشفقانی,استاد,دانشکده مهندسي صنايع
http://its.iust.ac.ir/profile/alalhesabi,https://its.iust.ac.ir/sites/default/files/userpics/picture-152-1544103123.jpg,دکتر مهران علی الحسابی,استاد,دانشکده معماري و شهرسازي
http://its.iust.ac.ir/profile/mralirez,https://its.iust.ac.ir/sites/default/files/pictures/picture-935-261962303.jpg,دکتر محمدرضا علیرضائی,دانشيار,دانشکده رياضي
http://its.iust.ac.ir/profile/alizadeh,https://its.iust.ac.ir/sites/default/files/pictures/picture-7898-456156374.jpg,دکتر حسین علیزاده,دانشيار,دانشکده مهندسي عمران
http://its.iust.ac.ir/profile/ma_alizadeh,https://its.iust.ac.ir/sites/default/files/pictures/picture-749-651318633.jpg,دکتر منصور علیزاده,دانشيار,دانشکده مهندسي مکانيک
http://its.iust.ac.ir/profile/gharavi,https://its.iust.ac.ir/sites/default/files/pictures/picture-435-2084754463.jpg,دکتر مجتبی غروی,استاديار,دانشکده مهندسي عمران
http://its.iust.ac.ir/profile/mehdi,https://its.iust.ac.ir/sites/default/files/pictures/picture-815-1812834765.jpg,دکتر مهدی غضنفری,استاد,دانشکده مهندسي صنايع
http://its.iust.ac.ir/profile/aboozar_ghaffari,https://its.iust.ac.ir/sites/default/files/userpics/picture-26660-1539530565.jpg,دکتر ابوذر غفاری,استاديار,دانشکده مهندسي برق
http://its.iust.ac.ir/profile/ghaffari,https://its.iust.ac.ir/sites/default/files/pictures/picture-2118-1473028344.jpg,جواد غفاری,استاديار,گروه آموزشي معارف اسلامي
http://its.iust.ac.ir/profile/ghafary,https://its.iust.ac.ir/sites/default/files/pictures/picture-430-1251274676.jpg,دکتر بیژن غفاری قمی,استاد,دانشکده فيزيک
http://its.iust.ac.ir/profile/ghaffarinejad,https://its.iust.ac.ir/sites/default/files/pictures/picture-2395-625958249.jpg,دکتر علی غفاری نژاد,استاد,دانشکده شيمي
http://its.iust.ac.ir/profile/ghafuri,https://its.iust.ac.ir/sites/default/files/pictures/picture-2404-1610502298.jpg,دکتر حسین غفوری,استاد,دانشکده شيمي
http://its.iust.ac.ir/profile/ghafourian_m,https://its.iust.ac.ir/sites/default/files/pictures/picture-9382-1068906611.jpg,دکتر میترا غفوریان,استاديار,دانشکده معماري و شهرسازي
http://its.iust.ac.ir/profile/gholami,https://its.iust.ac.ir/sites/default/files/userpics/picture-454-1531556809_0.jpg,دکتر احمد غلامی,استاد,دانشکده مهندسي برق
http://its.iust.ac.ir/profile/gholamian,https://its.iust.ac.ir/sites/default/files/userpics/picture-455-1500463593_0.jpg,دکتر محمدرضا غلامیان,دانشيار,دانشکده مهندسي صنايع
http://its.iust.ac.ir/profile/mrgheibi,http://its.iust.ac.ir/sites/all/modules/iust/images/anonymous.png,محمد رضا غیبی,استاديار,دانشکده مهندسي خودرو
http://its.iust.ac.ir/profile/ghayour,http://its.iust.ac.ir/sites/all/modules/iust/images/anonymous.png,سیده فرزانه غیور باغبانی,استاديار,دانشکده مهندسی کامپیوتر
http://its.iust.ac.ir/profile/hfatehi,https://its.iust.ac.ir/sites/default/files/pictures/picture-534-919784403.jpg,حسین فاتحی,مربي,دانشکده معماري و شهرسازي
http://its.iust.ac.ir/profile/fazel,https://its.iust.ac.ir/sites/default/files/pictures/picture-414-826008880.jpg,دکتر سید سعید فاضل,دانشيار,دانشکده مهندسي راه آهن
http://its.iust.ac.ir/profile/hosseinfazeli,https://its.iust.ac.ir/sites/default/files/userpics/picture-84911-1663127673.jpg,حسین فاضلی,استاديار,دانشکده مهندسي شيمي، نفت و گاز
http://its.iust.ac.ir/profile/famili,https://its.iust.ac.ir/sites/default/files/pictures/picture-396-1077581497.jpg,دکتر هرمز فامیلی,استاديار,دانشکده مهندسي عمران
http://its.iust.ac.ir/profile/bayati,http://its.iust.ac.ir/sites/all/modules/iust/images/anonymous.png,محسن فتح اله بیاتی,استاديار,دانشکده مهندسي صنايع
http://its.iust.ac.ir/profile/mahfathy,https://its.iust.ac.ir/sites/default/files/pictures/picture-759-1902684065.jpg,دکتر محمود فتحی,استاد,دانشکده مهندسی کامپیوتر
http://its.iust.ac.ir/profile/fathian,https://its.iust.ac.ir/sites/default/files/pictures/picture-413-226924043.jpg,دکتر محمد فتحیان بروجنی,استاد,دانشکده مهندسي صنايع
http://its.iust.ac.ir/profile/farajollahi,https://its.iust.ac.ir/sites/default/files/userpics/picture-25345-1539530565.jpg,دکتر میثم فرج الهی,استاديار,دانشکده فناوريهای نوين
http://its.iust.ac.ir/profile/hasanfarrokhzad,https://its.iust.ac.ir/sites/default/files/userpics/picture-58565-1614515597.jpg,حسن فرخ زاد,استاديار,دانشکده مهندسي شيمي، نفت و گاز
http://its.iust.ac.ir/profile/farrokhi,https://its.iust.ac.ir/sites/default/files/userpics/picture-405-1531645970_0.jpg,دکتر محمد فرخی,استاد,دانشکده مهندسي برق
http://its.iust.ac.ir/profile/fardad,https://its.iust.ac.ir/sites/default/files/pictures/picture-401-849058869.jpg,عباسعلی فرداد,استاديار,دانشکده مهندسي مکانيک
http://its.iust.ac.ir/profile/farshad,https://its.iust.ac.ir/sites/default/files/pictures/picture-406-399436912.jpg,دکتر سیامک فرشاد,استاديار,دانشکده مهندسي راه آهن
http://its.iust.ac.ir/profile/farshi,https://its.iust.ac.ir/sites/default/files/pictures/picture-407-899988360.jpg,بهروز فرشی,نا مشخص,دانشکده مهندسي مکانيک
http://its.iust.ac.ir/profile/h_farman,https://its.iust.ac.ir/sites/default/files/pictures/picture-476-703482343.jpg,دکتر حسین فرمان,استاد,دانشکده فيزيک
http://its.iust.ac.ir/profile/rfarnoosh,https://its.iust.ac.ir/sites/default/files/pictures/picture-1032-2024766817.jpg,دکتر رحمان فرنوش,استاد,دانشکده رياضي
http://its.iust.ac.ir/profile/hfarhady,https://its.iust.ac.ir/sites/default/files/pictures/picture-533-896371398.jpg,حسین فرهادی,نا مشخص,گروه آموزشي زبانهاي خارجي
http://its.iust.ac.ir/profile/shahrokhf,https://its.iust.ac.ir/sites/default/files/userpics/picture-26641-1539530565.jpg,دکتر شاهرخ فرهمند,استاديار,دانشکده مهندسي برق
http://its.iust.ac.ir/profile/jamfar,https://its.iust.ac.ir/sites/default/files/userpics/picture-596-1531555641_0.jpg,جمشید فریبرز,استاديار,دانشکده مهندسي برق
http://its.iust.ac.ir/profile/mfasihi,https://its.iust.ac.ir/sites/default/files/pictures/picture-7919-477975135.jpg,دکتر محمد فصیحی دستجردی,دانشيار,دانشکده مهندسي شيمي، نفت و گاز
http://its.iust.ac.ir/profile/afalahati,https://its.iust.ac.ir/sites/default/files/userpics/picture-120-1544103123.jpg,دکتر ابوالفضل فلاحتی,استاد,دانشکده مهندسي برق
http://its.iust.ac.ir/profile/fouladgar,http://its.iust.ac.ir/sites/all/modules/iust/images/anonymous.png,محمد مجید فولاد گر,استاديار,دانشکده مهندسي پيشرفت
http://its.iust.ac.ir/profile/nfahimi,http://its.iust.ac.ir/sites/all/modules/iust/images/anonymous.png,نوید فهیمی,استاديار,دانشکده مهندسي برق
http://its.iust.ac.ir/profile/edris,https://its.iust.ac.ir/sites/default/files/pictures/picture-348-1677243968.jpg,دکتر سیدادریس فیض آبادی,استاد,دانشکده فيزيک
http://its.iust.ac.ir/profile/mfaizi,https://its.iust.ac.ir/sites/default/files/userpics/picture-833-1581520599_0.jpg,دکتر محسن فیضی,استاد,دانشکده معماري و شهرسازي
http://its.iust.ac.ir/profile/feyzi,https://its.iust.ac.ir/sites/default/files/pictures/picture-418-19156500.jpg,دکتر فرزانه فیضی,استاد,دانشکده مهندسي شيمي، نفت و گاز
http://its.iust.ac.ir/profile/mghaemi,https://its.iust.ac.ir/sites/default/files/pictures/picture-836-1787166430.jpg,دکتر محمدباقر قائمی,استاد,دانشکده رياضي
http://its.iust.ac.ir/profile/aghaemi,https://its.iust.ac.ir/sites/default/files/userpics/picture-130-1544103123.jpg,دکتر احد قائمی,استاد,دانشکده مهندسي شيمي، نفت و گاز
http://its.iust.ac.ir/profile/p_ghaderi,https://its.iust.ac.ir/sites/default/files/userpics/picture-1826-1547371994.jpg,دکتر پدرام قادری,استاديار,دانشکده مهندسي عمران
http://its.iust.ac.ir/profile/gharouninik,https://its.iust.ac.ir/sites/default/files/pictures/picture-5904-1555336644.jpg,دکتر مرتضی قارونی نیک,استاديار,دانشکده مهندسي راه آهن
http://its.iust.ac.ir/profile/rgzadeh,https://its.iust.ac.ir/sites/default/files/pictures/picture-1033-1536947977.jpg,دکتر رضا قاسم زاده,استاد,دانشکده مواد و متالورژي
http://its.iust.ac.ir/profile/qasemi_mr,https://its.iust.ac.ir/sites/default/files/userpics/picture-35458-1566730845.jpg,دکتر محمودرضا قاسمی,استاديار,گروه آموزشي معارف اسلامي
http://its.iust.ac.ir/profile/h_ghassemi,https://its.iust.ac.ir/sites/default/files/pictures/picture-1441-453932380.jpg,دکتر حجت قاسمی,استاد,دانشکده مهندسي مکانيک
http://its.iust.ac.ir/profile/qasemian,https://its.iust.ac.ir/sites/default/files/userpics/picture-21658-1539530565.jpg,دکتر علی قاسمیان مقدم,استاديار,دانشکده مهندسي خودرو
http://its.iust.ac.ir/profile/ghaheri,https://its.iust.ac.ir/sites/default/files/pictures/picture-431-261797919.jpg,دکتر عباس قاهری,استاد,دانشکده مهندسي عمران
http://its.iust.ac.ir/profile/ghodrati,https://its.iust.ac.ir/sites/default/files/pictures/picture-452-2137294284.jpg,دکتر غلامرضا قدرتی امیری,استاد,دانشکده مهندسي عمران
http://its.iust.ac.ir/profile/ghoddousi,https://its.iust.ac.ir/sites/default/files/pictures/picture-450-241960458.jpg,دکتر پرویز قدوسی,استاد,دانشکده مهندسي عمران
http://its.iust.ac.ir/profile/bahman_gh,https://its.iust.ac.ir/sites/default/files/userpics/picture-263-1505288315.jpg,دکتر بهمن قربانی,استاديار,دانشکده مهندسي راه آهن
http://its.iust.ac.ir/profile/ghorbanian,https://its.iust.ac.ir/sites/default/files/userpics/picture-20529-1543822989_0.jpg,دکتر مهشید قربانیان,استاديار,دانشکده معماري و شهرسازي
http://its.iust.ac.ir/profile/ayat_gharehghani,https://its.iust.ac.ir/sites/default/files/userpics/picture-24674-1539530565.jpg,دکتر آیت قره قانی,دانشيار,دانشکده مهندسي مکانيک
http://its.iust.ac.ir/profile/hghassai,https://its.iust.ac.ir/sites/default/files/pictures/picture-536-1071063162.jpg,حسین قصاعی,مربي,دانشکده مواد و متالورژي
http://its.iust.ac.ir/profile/ghannadpour,https://its.iust.ac.ir/sites/default/files/userpics/picture-433-1479810344_0.jpg,سید فرید قنادپور,دانشيار,دانشکده مهندسي صنايع
http://its.iust.ac.ir/profile/hajar_ghanbari,https://its.iust.ac.ir/sites/default/files/userpics/picture-96549-1744463573.jpg,هاجر قنبری,استاديار,دانشکده مواد و متالورژي
http://its.iust.ac.ir/profile/samane_ghandehariun,https://its.iust.ac.ir/sites/default/files/userpics/picture-24681-1539530565.jpg,دکتر سمانه قندهاریون,استاديار,دانشکده مهندسي مکانيک
http://its.iust.ac.ir/profile/ghousi,https://its.iust.ac.ir/sites/default/files/pictures/picture-459-1106118856.jpg,دکتر روزبه قوسی,دانشيار,دانشکده مهندسي صنايع
http://its.iust.ac.ir/profile/haik.k,https://its.iust.ac.ir/sites/default/files/userpics/picture-505-1631116353_0.jpg,هایک قولتوقچیان,مربي,دانشکده فيزيک
http://its.iust.ac.ir/profile/h_garamani,https://its.iust.ac.ir/sites/default/files/pictures/picture-478-1630862442.jpg,دکتر حسین قهرمانی,استاديار,دانشکده مهندسي راه آهن
http://its.iust.ac.ir/profile/hkazari,http://its.iust.ac.ir/sites/all/modules/iust/images/anonymous.png,حسام کازری,استاديار,دانشکده مهندسي برق
http://its.iust.ac.ir/profile/marghus,https://its.iust.ac.ir/sites/default/files/pictures/picture-784-496824437.jpg,دکتر واهاک کاسپاری مارقوسیان,استاد,دانشکده مواد و متالورژي
http://its.iust.ac.ir/profile/f_kashef,https://its.iust.ac.ir/sites/default/files/pictures/picture-387-504986253.jpg,فاطمه کاشف الحق,مربي,گروه آموزشي تربيت بدني
http://its.iust.ac.ir/profile/kazemi,http://its.iust.ac.ir/sites/all/modules/iust/images/anonymous.png,احد کاظمی,دانشيار,دانشکده مهندسي برق
http://its.iust.ac.ir/profile/skazemirad,https://its.iust.ac.ir/sites/default/files/userpics/picture-23071-1539530565.jpg,دکتر سیاوش کاظمی راد,استاديار,دانشکده مهندسي مکانيک
http://its.iust.ac.ir/profile/asiehsadat_kazemi,https://its.iust.ac.ir/sites/default/files/userpics/picture-34532-1563607576.jpg,دکتر آسیه السادات کاظمی شیخ شبانی,استاديار,دانشکده فيزيک
http://its.iust.ac.ir/profile/kakaee_ah,https://its.iust.ac.ir/sites/default/files/userpics/picture-621-1541229132_0.jpg,دکتر امیرحسن کاکایی,دانشيار,دانشکده مهندسي خودرو
http://its.iust.ac.ir/profile/nkamboozia,https://its.iust.ac.ir/sites/default/files/pictures/picture-9128-826045529.jpg,دکتر ندا کامبوزیا,استاديار,دانشکده مهندسي عمران
http://its.iust.ac.ir/profile/avidehkamrani,https://its.iust.ac.ir/sites/default/files/userpics/picture-41483-1574677572.jpg,دکتر آویده کامرانی,استاديار,دانشکده معماري و شهرسازي
http://its.iust.ac.ir/profile/alikaveh,https://its.iust.ac.ir/sites/default/files/userpics/picture-161-1544103123.jpg,دکتر علی کاوه,استاد,دانشکده مهندسي عمران
http://its.iust.ac.ir/profile/ghk,https://its.iust.ac.ir/sites/default/files/pictures/picture-448-890288935.jpg,غلامحسین کتابی,مربي,دانشکده فيزيک
http://its.iust.ac.ir/profile/kasiri,https://its.iust.ac.ir/sites/default/files/pictures/picture-641-700360776.jpg,دکتر نوراله کثیری بیدهندی,استاد,دانشکده مهندسي شيمي، نفت و گاز
http://its.iust.ac.ir/profile/kordbacheh,https://its.iust.ac.ir/sites/default/files/pictures/picture-690-257101245.jpg,ابوالقاسم کردبچه,نا مشخص,گروه آموزشي تربيت بدني
http://its.iust.ac.ir/profile/karami,https://its.iust.ac.ir/sites/default/files/userpics/picture-2513-1531555480_0.jpg,دکتر محمد عظیم کرمی,دانشيار,دانشکده مهندسي برق
http://its.iust.ac.ir/profile/karimpour_mehran,https://its.iust.ac.ir/sites/default/files/pictures/picture-637-1897891770.jpg,دکتر مهران کریمپور,استاديار,دانشکده مهندسي عمران
http://its.iust.ac.ir/profile/karymi,https://its.iust.ac.ir/sites/default/files/pictures/picture-1580-52023074.jpg,دکتر حمید کریمی,دانشيار,گروه آموزشي معارف اسلامي
http://its.iust.ac.ir/profile/parastookabinejad,http://its.iust.ac.ir/sites/all/modules/iust/images/anonymous.png,پرستو کعبی نژاد,استاديار,دانشکده رياضي
http://its.iust.ac.ir/profile/kalantar,https://its.iust.ac.ir/sites/default/files/userpics/picture-622-1531556286_0.jpg,دکتر محسن کلانتر,استاد,دانشکده مهندسي برق
http://its.iust.ac.ir/profile/koleini,https://its.iust.ac.ir/sites/default/files/userpics/picture-688-1566822979_0.jpg,دکتر ناصر کلینی ممقانی,دانشيار,دانشکده معماري و شهرسازي
http://its.iust.ac.ir/profile/n_komjani,https://its.iust.ac.ir/sites/default/files/userpics/picture-13-1539530484.jpg,دکتر نادر کمجانی برچلوئی,استاد,دانشکده مهندسي برق
http://its.iust.ac.ir/profile/kangavari,https://its.iust.ac.ir/sites/default/files/pictures/picture-627-1872674311.jpg,دکتر محمدرضا کنگاوری,دانشيار,دانشکده مهندسی کامپیوتر
http://its.iust.ac.ir/profile/hkoohdar,https://its.iust.ac.ir/sites/default/files/userpics/picture-35707-1567588925.jpg,دکتر حمیدرضا کوه دار,استاديار,دانشکده مواد و متالورژي
http://its.iust.ac.ir/profile/kahaei,https://its.iust.ac.ir/sites/default/files/pictures/picture-620-2022070899.jpg,دکتر محمدحسین کهایی,دانشيار,دانشکده مهندسي برق
http://its.iust.ac.ir/profile/keyarsalan,https://its.iust.ac.ir/sites/default/files/pictures/picture-651-963969678.jpg,ثریا کی ارسلان,--------,دانشکده شيمي
http://its.iust.ac.ir/profile/hkiany,http://its.iust.ac.ir/sites/all/modules/iust/images/anonymous.png,هوشنگ کیانی,نا مشخص,دانشکده مهندسي صنايع
http://its.iust.ac.ir/profile/m_garshasbi,https://its.iust.ac.ir/sites/default/files/userpics/picture-715-1608369714_0.jpg,دکتر مرتضی گرشاسبی,استاديار,دانشکده رياضي
http://its.iust.ac.ir/profile/golestanifard,https://its.iust.ac.ir/sites/default/files/pictures/picture-465-681364452.jpg,دکتر فرهاد گلستانی فرد,استاد,دانشکده مواد و متالورژي
http://its.iust.ac.ir/profile/rgolshan,https://its.iust.ac.ir/sites/default/files/userpics/picture-44936-1583980801.jpg,دکتر رضا گلشن خواص,استاديار,دانشکده مهندسي عمران
http://its.iust.ac.ir/profile/s_ganjefar,https://its.iust.ac.ir/sites/default/files/userpics/picture-34530-1601347201.jpg,دکتر سهیل گنجه فر,استاد,دانشکده مهندسي برق
http://its.iust.ac.ir/profile/mgoodarzi,https://its.iust.ac.ir/sites/default/files/pictures/picture-838-1860015550.jpg,دکتر مسعود گودرزی,دانشيار,دانشکده مواد و متالورژي
http://its.iust.ac.ir/profile/gohari,http://its.iust.ac.ir/sites/all/modules/iust/images/anonymous.png,دکتر علیرضا گوهری انارکی,دانشيار,دانشکده مهندسي مکانيک
http://its.iust.ac.ir/profile/amakui,https://its.iust.ac.ir/sites/default/files/userpics/picture-171-1547371994.jpg,دکتر احمد ماکویی,استاد,دانشکده مهندسي صنايع
http://its.iust.ac.ir/profile/maleknejad,https://its.iust.ac.ir/sites/default/files/userpics/picture-776-1515253133.jpg,دکتر خسرو مالک نژاد,استاد,دانشکده رياضي
http://its.iust.ac.ir/profile/sajadmoazen,https://its.iust.ac.ir/sites/default/files/userpics/picture-37978-1569408062.jpg,دکتر سجاد مؤذن,استاديار,دانشکده معماري و شهرسازي
http://its.iust.ac.ir/profile/mojaradi,https://its.iust.ac.ir/sites/default/files/userpics/picture-2393-1539530565.jpg,دکتر برات مجردی,دانشيار,دانشکده مهندسي عمران
http://its.iust.ac.ir/profile/zolbanin,http://its.iust.ac.ir/sites/all/modules/iust/images/anonymous.png,حبیب مجیدی ذوالبنین,استاد,دانشکده فيزيک
http://its.iust.ac.ir/profile/kassai,https://its.iust.ac.ir/sites/default/files/pictures/picture-642-1961479412.jpg,دکتر سیداحمد محدث کسایی,استاديار,دانشکده مهندسي برق
http://its.iust.ac.ir/profile/mohsenisalehi,http://its.iust.ac.ir/sites/all/modules/iust/images/anonymous.png,مطهره سادات محسنی صالحی منفرد,استاديار,دانشکده مواد و متالورژي
http://its.iust.ac.ir/profile/h_mosaddad,https://its.iust.ac.ir/sites/default/files/pictures/picture-484-341310452.jpg,دکتر سیدهاشم مسدد,استاديار,دانشکده معماري و شهرسازي
http://its.iust.ac.ir/profile/masoodpanah,https://its.iust.ac.ir/sites/default/files/pictures/picture-7526-1938491292.jpg,دکتر سید مرتضی مسعود پناه,دانشيار,دانشکده مواد و متالورژي
http://its.iust.ac.ir/profile/mosayebi,https://its.iust.ac.ir/sites/default/files/pictures/picture-3041-475186322.jpg,سید علی مسیبی,استاديار,دانشکده مهندسي راه آهن
http://its.iust.ac.ir/profile/masih,https://its.iust.ac.ir/sites/default/files/pictures/picture-10174-1765568212.jpg,مسعود مسیح طهرانی,دانشيار,دانشکده مهندسي خودرو
http://its.iust.ac.ir/profile/mashayekh,https://its.iust.ac.ir/sites/default/files/userpics/picture-64196-1633574402.jpg,جواد مشایخ,استاديار,دانشکده مهندسي پيشرفت
http://its.iust.ac.ir/profile/smashhadi,https://its.iust.ac.ir/sites/default/files/pictures/picture-1202-447747367.jpg,دکتر سمانه مشهدی,دانشيار,دانشکده رياضي
http://its.iust.ac.ir/profile/b_mashhadi,https://its.iust.ac.ir/sites/default/files/pictures/picture-249-1064071324.jpg,دکتر بهروز مشهدی,استاد,دانشکده مهندسي خودرو
http://its.iust.ac.ir/profile/fmozafar,https://its.iust.ac.ir/sites/default/files/pictures/picture-1595-937682435.jpg,دکتر فرهنگ مظفر,دانشيار,دانشکده معماري و شهرسازي
http://its.iust.ac.ir/profile/r_madoliat,https://its.iust.ac.ir/sites/default/files/pictures/picture-979-549253455.jpg,دکتر رضا معدولیت,استاد,دانشکده مهندسي مکانيک
http://its.iust.ac.ir/profile/madoliat,https://its.iust.ac.ir/sites/default/files/pictures/picture-752-1247405601.jpg,دکتر رضا معدولیت,استاد,دانشکده مهندسي مکانيک
http://its.iust.ac.ir/profile/memarian,https://its.iust.ac.ir/sites/default/files/pictures/picture-826-819753811.jpg,دکتر غلامحسین معماریان,استاد,دانشکده معماري و شهرسازي
http://its.iust.ac.ir/profile/moini,https://its.iust.ac.ir/sites/default/files/pictures/picture-905-8271229.jpg,دکتر علیرضا معینی,دانشيار,دانشکده مهندسي صنايع
http://its.iust.ac.ir/profile/p_maftoon,http://its.iust.ac.ir/sites/all/modules/iust/images/anonymous.png,پرویز مفتون سمنانی,دانشيار,گروه آموزشي زبانهاي خارجي
http://its.iust.ac.ir/profile/s_m_mofidi,https://its.iust.ac.ir/sites/default/files/pictures/picture-1065-827980395.jpg,دکتر سیدمجید مفیدی شمیرانی,استاديار,دانشکده معماري و شهرسازي
http://its.iust.ac.ir/profile/mr_moghbeli,https://its.iust.ac.ir/sites/default/files/pictures/picture-931-787022277.jpg,دکتر محمدرضا مقبلی,استاد,دانشکده مهندسي شيمي، نفت و گاز
http://its.iust.ac.ir/profile/moghimi,https://its.iust.ac.ir/sites/default/files/pictures/picture-890-1832442983.jpg,دکتر مهدی مقیمی,دانشيار,دانشکده مهندسي مکانيک
http://its.iust.ac.ir/profile/sajjad_mollai,http://its.iust.ac.ir/sites/all/modules/iust/images/anonymous.png,سجاد ملائی,استاديار,دانشکده مهندسي برق
http://its.iust.ac.ir/profile/mollabashi,https://its.iust.ac.ir/sites/default/files/pictures/picture-909-21379490.jpg,دکتر محمود ملاباشی,استاد,دانشکده فيزيک
http://its.iust.ac.ir/profile/mollajafari,https://its.iust.ac.ir/sites/default/files/userpics/picture-42592-1577684415.jpg,دکتر مرتضی ملاجعفری,استاديار,دانشکده مهندسي خودرو
http://its.iust.ac.ir/profile/amollahosseini,https://its.iust.ac.ir/sites/default/files/pictures/picture-2428-1289199976.jpg,دکتر افسانه ملاحسینی,دانشيار,دانشکده شيمي
http://its.iust.ac.ir/profile/molatefi,https://its.iust.ac.ir/sites/default/files/pictures/picture-907-1504832070.jpg,دکتر حبیب اله ملاطفی,دانشيار,دانشکده مهندسي راه آهن
http://its.iust.ac.ir/profile/malekim,https://its.iust.ac.ir/sites/default/files/userpics/picture-774-1572780218_0.jpg,دکتر مهدی ملکی,استاديار,دانشکده مواد و متالورژي
http://its.iust.ac.ir/profile/maleki,https://its.iust.ac.ir/sites/default/files/userpics/picture-2312-1576585446_0.jpg,دکتر علی ملکی,استاد,دانشکده شيمي
http://its.iust.ac.ir/profile/malekitabar,https://its.iust.ac.ir/sites/default/files/userpics/picture-49660-1599529201.jpg,حسن ملکی تبار,استاديار,دانشکده مهندسي عمران
http://its.iust.ac.ir/profile/malekimajd,https://its.iust.ac.ir/sites/default/files/userpics/picture-40839-1574675019.jpg,دکتر مرضیه ملکی مجد,استاديار,دانشکده مهندسی کامپیوتر
http://its.iust.ac.ir/profile/mamaghani,http://its.iust.ac.ir/sites/all/modules/iust/images/anonymous.png,جابر ممقانیان,استاديار,دانشکده مهندسي عمران
http://its.iust.ac.ir/profile/montazeri,https://its.iust.ac.ir/sites/default/files/pictures/picture-916-1566589888.jpg,دکتر مرتضی منتظری قهجاورستانی,استاد,دانشکده مهندسي مکانيک
http://its.iust.ac.ir/profile/mkhaki,https://its.iust.ac.ir/sites/default/files/pictures/picture-871-2011513254.jpg,دکتر علی منصورخاکی,دانشيار,دانشکده مهندسي عمران
http://its.iust.ac.ir/profile/f_manteghi,https://its.iust.ac.ir/sites/default/files/pictures/picture-388-336425888.jpg,دکتر فرانک منطقی,دانشيار,دانشکده شيمي
http://its.iust.ac.ir/profile/zmovahedi,https://its.iust.ac.ir/sites/default/files/pictures/picture-7375-1748461742.jpg,دکتر زینب موحدی,دانشيار,دانشکده مهندسی کامپیوتر
http://its.iust.ac.ir/profile/movahedirad,https://its.iust.ac.ir/sites/default/files/pictures/picture-5411-14618368.jpg,دکتر سلمان موحدی راد,دانشيار,دانشکده مهندسي شيمي، نفت و گاز
http://its.iust.ac.ir/profile/mmousavi,https://its.iust.ac.ir/sites/default/files/pictures/picture-3739-1038229456.jpg,دکتر سید مرتضی موسوی خوشدل,استاديار,دانشکده شيمي
http://its.iust.ac.ir/profile/sm_mousavi,https://its.iust.ac.ir/sites/default/files/pictures/picture-1199-318513496.jpg,دکتر سید محمد موسوی گزافرودی,دانشيار,دانشکده مهندسي راه آهن
http://its.iust.ac.ir/profile/mousavi_loghman,http://its.iust.ac.ir/sites/all/modules/iust/images/anonymous.png,سیده اشرف موسوی لقمان,استاديار,دانشکده مهندسي پيشرفت
http://its.iust.ac.ir/profile/m_mosavi,https://its.iust.ac.ir/sites/default/files/userpics/picture-729-1531554434_0.jpg,دکتر سیدمحمدرضا موسوی میرکلایی,استاد,دانشکده مهندسي برق
http://its.iust.ac.ir/profile/m_molaei,http://its.iust.ac.ir/sites/all/modules/iust/images/anonymous.png,معصومه مولائی,استاديار,دانشکده شيمي
http://its.iust.ac.ir/profile/molaeimanesh,https://its.iust.ac.ir/sites/default/files/userpics/picture-10770-1678101932_0.jpg,دکتر غلامرضا مولائی منش,دانشيار,دانشکده مهندسي خودرو
http://its.iust.ac.ir/profile/z_molaei,https://its.iust.ac.ir/sites/default/files/pictures/picture-4633-2017835821.jpg,زینب مولایی,مربي,گروه آموزشي تربيت بدني
http://its.iust.ac.ir/profile/molavi,https://its.iust.ac.ir/sites/default/files/userpics/picture-908-1550147843.jpg,دکتر سیده محبوبه مولوی عربشاهی,دانشيار,دانشکده رياضي
http://its.iust.ac.ir/profile/mazdeh,https://its.iust.ac.ir/sites/default/files/pictures/picture-800-1610015802.jpg,دکتر محمد مهدوی مزده,دانشيار,دانشکده مهندسي صنايع
http://its.iust.ac.ir/profile/mehdizadeh,https://its.iust.ac.ir/sites/default/files/pictures/picture-817-1369776813.jpg,دکتر فاطمه مهدی زاده سراج,استاد,دانشکده معماري و شهرسازي
http://its.iust.ac.ir/profile/mahdm,https://its.iust.ac.ir/sites/default/files/userpics/picture-758-1725180849_0.jpg,دکتر محمدحسین مهدیه,استاد,دانشکده فيزيک
http://its.iust.ac.ir/profile/javad_sadeghi,https://its.iust.ac.ir/sites/default/files/pictures/picture-599-848456222.jpg,دکتر جواد میر محمد صادقی,استاد,دانشکده مهندسي راه آهن
http://its.iust.ac.ir/profile/mirabadi,https://its.iust.ac.ir/sites/default/files/pictures/picture-849-1668165950.jpg,دکتر احمد میرآبادی,استاديار,دانشکده مهندسي راه آهن
http://its.iust.ac.ir/profile/ar_mirhabibi,https://its.iust.ac.ir/sites/default/files/pictures/picture-199-581471195.jpg,دکتر علیرضا میرحبیبی,دانشيار,دانشکده مواد و متالورژي
http://its.iust.ac.ir/profile/momi,https://its.iust.ac.ir/sites/default/files/userpics/picture-57157-1611110401.jpg,سیدمجتبی میرحسینی,استاديار,دانشکده فناوريهای نوين
http://its.iust.ac.ir/profile/mirdamadi,https://its.iust.ac.ir/sites/default/files/pictures/picture-855-1094542689.jpg,دکتر شمس الدین میردامادی,استاد,دانشکده مواد و متالورژي
http://its.iust.ac.ir/profile/m_kuchaki,https://its.iust.ac.ir/sites/default/files/userpics/picture-725-1531555141_0.jpg,دکتر ستار میرزاکوچکی,استاد,دانشکده مهندسي برق
http://its.iust.ac.ir/profile/mirzamohammadi,https://its.iust.ac.ir/sites/default/files/pictures/picture-864-2113054004.jpg,دکتر سعید میرزامحمدی,استاديار,دانشکده مهندسي صنايع
http://its.iust.ac.ir/profile/mtabatabaie,https://its.iust.ac.ir/sites/default/files/pictures/picture-14145-1540413544.jpg,دکتر سیدمحمود میرطباطبایی,دانشيار,گروه آموزشي زبانهاي خارجي
http://its.iust.ac.ir/profile/mirkazemi,https://its.iust.ac.ir/sites/default/files/pictures/picture-858-913881112.jpg,دکتر سید محمد میرکاظمی,دانشيار,دانشکده مواد و متالورژي
http://its.iust.ac.ir/profile/mirvalad,https://its.iust.ac.ir/sites/default/files/userpics/picture-18824-1544103123.jpg,دکتر سیدسجاد میرولد,استاديار,دانشکده مهندسي عمران
http://its.iust.ac.ir/profile/rohaldinmiri,https://its.iust.ac.ir/sites/default/files/userpics/picture-26568-1547372786.jpg,روح الدین میری,استاديار,دانشکده مهندسي شيمي، نفت و گاز
http://its.iust.ac.ir/profile/drmilani,https://its.iust.ac.ir/sites/default/files/pictures/picture-338-1241507012.jpg,دکتر سید محمد رضا میلانی,استاد,دانشکده شيمي
http://its.iust.ac.ir/profile/b_minaei,https://its.iust.ac.ir/sites/default/files/pictures/picture-250-801181508.jpg,دکتر بهروز مینایی بیدگلی,استاد,دانشکده مهندسی کامپیوتر
http://its.iust.ac.ir/profile/naderi,https://its.iust.ac.ir/sites/default/files/pictures/picture-1439-1026440257.jpg,دکتر حسن نادری,دانشيار,دانشکده مهندسی کامپیوتر
http://its.iust.ac.ir/profile/m_naderi,https://its.iust.ac.ir/sites/default/files/pictures/picture-730-1725397209.jpg,دکتر مجید نادری,دانشيار,دانشکده مهندسي برق
http://its.iust.ac.ir/profile/m_nadjafikhah,https://its.iust.ac.ir/sites/default/files/userpics/picture-731-1550662233.jpg,دکتر مهدی نجفی خواه,استاد,دانشکده رياضي
http://its.iust.ac.ir/profile/najmaii,http://its.iust.ac.ir/sites/all/modules/iust/images/anonymous.png,محمد نجمایی,نا مشخص,دانشکده مهندسي عمران
http://its.iust.ac.ir/profile/a_nasr,https://its.iust.ac.ir/sites/default/files/userpics/picture-77-1498912449_0.jpg,دکتر اصغر نصر,استاديار,دانشکده مهندسي راه آهن
http://its.iust.ac.ir/profile/nasrazadani,https://its.iust.ac.ir/sites/default/files/userpics/picture-31-1544103123.jpg,دکتر مسعود نصر آزادانی,استاديار,دانشکده مهندسي راه آهن
http://its.iust.ac.ir/profile/mohsenenasiri,https://its.iust.ac.ir/sites/default/files/userpics/picture-28027-1539601451.jpg,دکتر محسن نصیری,استاديار,گروه آموزشي معارف اسلامي
http://its.iust.ac.ir/profile/nasiri110,https://its.iust.ac.ir/sites/default/files/pictures/picture-9646-1270220300.jpg,دکتر علی نصیری,استاد,گروه آموزشي معارف اسلامي
http://its.iust.ac.ir/profile/mnasiri,https://its.iust.ac.ir/sites/default/files/userpics/picture-63699-1630921196.jpg,مهدی نصیری سروی,استاديار,دانشکده فناوريهای نوين
http://its.iust.ac.ir/profile/nezam,https://its.iust.ac.ir/sites/default/files/userpics/picture-27848-1539530565.jpg,دکتر سید علیرضا نظام الحسینی عزآبادی,استاديار,دانشکده مهندسي برق
http://its.iust.ac.ir/profile/fnaeim,https://its.iust.ac.ir/sites/default/files/pictures/picture-420-634361011.jpg,دکتر فرشته نعیم پور,دانشيار,دانشکده مهندسي شيمي، نفت و گاز
http://its.iust.ac.ir/profile/naimi,https://its.iust.ac.ir/sites/default/files/userpics/picture-21-1539530503.jpg,دکتر محمدرضا نعیمی جمال,استاد,دانشکده شيمي
http://its.iust.ac.ir/profile/a_noghrekar,http://its.iust.ac.ir/sites/all/modules/iust/images/anonymous.png,عبدالحمید نقره کار,دانشيار,دانشکده معماري و شهرسازي
http://its.iust.ac.ir/profile/rnaghizadeh,https://its.iust.ac.ir/sites/default/files/pictures/picture-1041-842735704.jpg,دکتر رحیم نقی زاده,دانشيار,دانشکده مواد و متالورژي
http://its.iust.ac.ir/profile/naghib,https://its.iust.ac.ir/sites/default/files/pictures/picture-13050-1599773742.jpg,دکتر سید مرتضی نقیب,دانشيار,دانشکده فناوريهای نوين
http://its.iust.ac.ir/profile/anamazi,https://its.iust.ac.ir/sites/default/files/pictures/picture-3313-1200427039.jpg,دکتر آسیه نمازی,استاديار,گروه آموزشي تربيت بدني
http://its.iust.ac.ir/profile/afshinn,https://its.iust.ac.ir/sites/default/files/userpics/picture-127-1544103123.jpg,دکتر افشین نمیرانیان,دانشيار,دانشکده فيزيک
http://its.iust.ac.ir/profile/nowbakht,http://its.iust.ac.ir/sites/all/modules/iust/images/anonymous.png,دکتر شمس نوبخت دودران,استاديار,دانشکده مهندسي عمران
http://its.iust.ac.ir/profile/h_nouhi,https://its.iust.ac.ir/sites/default/files/pictures/picture-486-921991720.jpg,حمید نوحی,استاديار,دانشکده معماري و شهرسازي
http://its.iust.ac.ir/profile/a_nooramin,https://its.iust.ac.ir/sites/default/files/userpics/picture-63934-1633574402.jpg,امیر سامان نور امین,استاديار,دانشکده مهندسي برق
http://its.iust.ac.ir/profile/rassoul,https://its.iust.ac.ir/sites/default/files/userpics/picture-1008-1482074211_0.jpg,دکتر رسول نورالسنا,استاد,دانشکده مهندسي صنايع
http://its.iust.ac.ir/profile/hashemi,https://its.iust.ac.ir/sites/default/files/pictures/picture-519-290227410.jpg,دکتر محمد هاشمی نژاد,استاد,دانشکده مهندسي مکانيک
http://its.iust.ac.ir/profile/mhashemi,https://its.iust.ac.ir/sites/default/files/pictures/picture-9789-1677609526.jpg,دکتر مسعود هاشمی نیاسری,دانشيار,دانشکده مواد و متالورژي
http://its.iust.ac.ir/profile/hashemianzadeh,https://its.iust.ac.ir/sites/default/files/userpics/picture-521-1511272162.jpg,دکتر سیدمجید هاشمیان زاده,استاد,دانشکده شيمي
http://its.iust.ac.ir/profile/alireza_hemmati,https://its.iust.ac.ir/sites/default/files/pictures/picture-1454-117282921.jpg,دکتر علیرضا همتی,دانشيار,دانشکده مهندسي شيمي، نفت و گاز
http://its.iust.ac.ir/profile/n_hooshmand,https://its.iust.ac.ir/sites/default/files/userpics/picture-12-1539530462.jpg,دکتر نرگس هوشمند همدانی,استاديار,گروه آموزشي زبانهاي خارجي
http://its.iust.ac.ir/profile/khhooshyari,http://its.iust.ac.ir/sites/all/modules/iust/images/anonymous.png,خدیجه هوشیاری سرای,استاديار,دانشکده شيمي
http://its.iust.ac.ir/profile/yari,https://its.iust.ac.ir/sites/default/files/pictures/picture-1274-17795078.jpg,دکتر غلامحسین یاری,استاد,دانشکده رياضي
http://its.iust.ac.ir/profile/yavand,https://its.iust.ac.ir/sites/default/files/userpics/picture-2300-1531555723_0.jpg,دکتر جواد یاوند حسنی,استاديار,دانشکده مهندسي برق
http://its.iust.ac.ir/profile/yazdanfar,https://its.iust.ac.ir/sites/default/files/pictures/picture-1275-1567311999.jpg,دکتر سید عباس آقا یزدانفر,دانشيار,دانشکده معماري و شهرسازي
http://its.iust.ac.ir/profile/yaghoubi,https://its.iust.ac.ir/sites/default/files/pictures/picture-1408-788227889.jpg,دکتر سعید یعقوبی,دانشيار,دانشکده مهندسي صنايع
http://its.iust.ac.ir/profile/yaghini,https://its.iust.ac.ir/sites/default/files/userpics/picture-1271-1587375248_0.jpg,دکتر مسعود یقینی,دانشيار,دانشکده مهندسي راه آهن
http://its.iust.ac.ir/profile/yeganeh,https://its.iust.ac.ir/sites/default/files/pictures/picture-1280-296657185.jpg,دکتر عباس یگانه بختیاری,دانشيار,دانشکده مهندسي عمران
http://its.iust.ac.ir/profile/younesian,https://its.iust.ac.ir/sites/default/files/pictures/picture-1285-1907379902.jpg,دکتر داود یونسیان,استاد,دانشکده مهندسي راه آهن
