citation_per_article,documents,academic_rank,faculty,name,url,g_index,h_index
۳۹/۰۱,۱۰۵۹,استاد,مهندسی عمران,علی کاوه,https://scimet.iust.ac.ir/Ali_Kaveh,۱۷۰,۱۰۲
۳۶/۲,۷۸۴,استاد,شیمی,علی ملکی,https://scimet.iust.ac.ir/Ali_Maleki,۱۳۰,۹۱
۵۰/۵۹,۵۲۵,استاد,مهندسی شیمی، نفت و گاز,تورج محمدی,https://scimet.iust.ac.ir/Toraj_Mohammadi,۱۳۶,۸۹
۴۲/۶۱,۵۷۲,استاد,مهندسی مکانیک,مجیدرضا آیت الهی,https://scimet.iust.ac.ir/MajidReza_Ayatollahi,۱۳۵,۸۵
۴۸/۵۴,۳۶۱,دانشیار,مهندسی صنایع,محمدرضا محمدعلیها,https://scimet.iust.ac.ir/MohammadReza_MohammadAliha,۱۲۲,۷۸
۳۸/۱۲,۴۴۳,استاد,مهندسی مکانیک,محمودمهرداد شکریه,https://scimet.iust.ac.ir/MahmoodMehrdad_Shokrieh,۱۱۷,۷۰
۴۰/۷۳,۳۶۴,استاد,مهندسی شیمی، نفت و گاز,مهران رضائی,https://scimet.iust.ac.ir/Mehran_Rezaei,۱۰۰,۶۷
۴۵/۳۶,۲۶۵,استاد,شیمی,صادق رستم نیا,https://scimet.iust.ac.ir/Sadegh_Rostamnia,۹۵,۶۶
۴۶/۷۱,۳۳۱,استاد,مهندسی صنایع,میرسامان پیشوایی,https://scimet.iust.ac.ir/MirSaman_Pishvaee,۱۱۸,۶۱
۴۷/۰۶,۲۳۵,استاد,مهندسی برق,شهرام جدید,https://scimet.iust.ac.ir/Shahram_Jadid,۱۰۰,۵۴
۵۷/۱,۱۴۶,دانشیار,مهندسی مکانیک,مجید سیاوشی,https://scimet.iust.ac.ir/Majid_Siavashi,۹۰,۵۳
۲۲/۴۶,۴۲۴,استاد,مهندسی کامپیوتر,بهروز مینائی,https://scimet.iust.ac.ir/Behrouz_MinaeiBidgoli,۸۷,۵۱
۱۹/۳۷,۴۴۷,استاد,مهندسی شیمی، نفت و گاز,احد قائمی,https://scimet.iust.ac.ir/Ahad_Ghaemi,۷۲,۵۱
۲۹/۹۶,۲۵۴,استاد,شیمی,محمدرضا نعیمی جمال,https://scimet.iust.ac.ir/MohamadReza_NaimiJamal,۷۵,۵۰
۳۳/۲۸,۲۰۸,استادیار,مهندسی مواد و متالورژی,حمیدرضا عابدی,https://scimet.iust.ac.ir/HamidReza_Abedi,۷۱,۴۹
۳۲/۰۶,۱۸۴,استاد,مهندسی شیمی، نفت و گاز,سیدنظام الدین اشرفی زاده,https://scimet.iust.ac.ir/SeyedNezameddin_Ashrafizadeh,۶۸,۴۸
۱۴/۹۲,۸۶۹,دانشیار,مهندسی صنایع,مصطفی جعفری,https://scimet.iust.ac.ir/Mostafa_Jafari,۱۰۱,۴۶
۲۱/۳۲,۲۸۱,استاد,مهندسی مواد و متالورژی,حمیدرضا رضایی,https://scimet.iust.ac.ir/HamidReza_Rezaie,۶۶,۴۶
۱۴/۵۹,۵۲۵,استاد,مهندسی مکانیک,محرم حبیب نژادکواریم,https://scimet.iust.ac.ir/Moharam_HabibnejadKorayem,۶۱,۴۵
۱۹/۵۲,۳۷۵,استاد,مهندسی صنایع,احمد ماکویی,https://scimet.iust.ac.ir/Ahmad_Makui,۷۲,۴۵
۲۲/۸۹,۲۷۹,دانشیار,فناوری های نوین,سیدمرتضی نقیب,https://scimet.iust.ac.ir/SeyedMorteza_Naghib,۶۶,۴۵
۲۹/۰۳,۱۵۸,استاد,مهندسی مکانیک,روح الله طالبی توتی,https://scimet.iust.ac.ir/Roohollah_Talebitooti,۶۲,۴۵
۳۶/۵۶,۲۴۰,استاد,شیمی,منصور انبیا,https://scimet.iust.ac.ir/Mansour_Anbia,۸۸,۴۴
۲۴/۰۴,۲۸۹,استاد,مهندسی صنایع,سیدجعفر سجادی,https://scimet.iust.ac.ir/SeyedJafar_Sadjadi,۷۴,۴۳
۳۰/۳۴,۱۹۵,استاد,مهندسی مواد و متالورژی,سعید قدرت نما شبستری,https://scimet.iust.ac.ir/Saeed_Shabestari,۷۳,۴۳
۲۵/۶۸,۲۰۴,استاد,مهندسی عمران,حسن زیاری,https://scimet.iust.ac.ir/Hassan_Ziari,۶۷,۴۳
۳۱/۹۸,۱۵۸,دانشیار,مهندسی صنایع,سیدمهدی حسینی مطلق,https://scimet.iust.ac.ir/SeyyedMahdi_HosseiniMotlagh,۶۶,۴۳
۲۱/۸۳,۳۸۶,استاد,مهندسی برق,سیدمحمدرضا موسوی میرکلائی,https://scimet.iust.ac.ir/MohammadReza_Mosavi,۷۹,۴۲
۲۵/۷۴,۲۲۳,استاد,مهندسی مکانیک,رامین هاشمی,https://scimet.iust.ac.ir/Ramin_Hashemi,۶۸,۴۲
۲۷/۹۱,۱۹۲,دانشیار,فناوری های نوین,ابوالفضل احمدی,https://scimet.iust.ac.ir/Abolfazl_Ahmadi,۶۹,۴۲
۲۴/۵۲,۲۰۵,دانشیار,مهندسی مواد و متالورژی,سیدمرتضی مسعودپناه,https://scimet.iust.ac.ir/SeyedMorteza_Masoudpanah,۶۰,۴۲
۲۵/۱۱,۱۹۳,استاد,مهندسی مکانیک,مهدی نویدبخش,https://scimet.iust.ac.ir/Mahdi_Navidbakhsh,۶۲,۴۲
۳۴/۵۷,۲۰۷,استاد,مهندسی شیمی، نفت و گاز,سیدحسن هاشم آبادی,https://scimet.iust.ac.ir/SeyedHassan_Hashemabadi,۸۱,۴۱
۱۵/۹۱,۴۳۲,دانشیار,ریاضی,رضا سعادتی,https://scimet.iust.ac.ir/Reza_Saadati,۷۲,۴۱
۴۲/۴۴,۱۱۷,دانشیار,شیمی,وحید صفری فرد,https://scimet.iust.ac.ir/Vahid_Safarifard,۶۷,۴۱
۲۳/۱۶,۲۰۸,دانشیار,مهندسی مواد و متالورژی,علیرضا ایوانی,https://scimet.iust.ac.ir/Alireza_Eivani,۵۹,۴۱
۳۹/۴۵,۱۱۸,استاد,مهندسی مکانیک,سپهر صنایع,https://scimet.iust.ac.ir/Sepehr_Sanaye,۶۶,۴۰
۱۱/۵۲,۴۹۶,استاد,مهندسی عمران,غلامرضا قدرتی امیری,https://scimet.iust.ac.ir/Golamreza_GhodratiAmiri,۵۹,۳۹
۳۶/۰۷,۱۵۴,دانشیار,مهندسی شیمی، نفت و گاز,مسعود جمشیدی,https://scimet.iust.ac.ir/Masoud_Jamshidi,۶۹,۳۹
۲۵/۴۷,۱۸۴,استاد,مهندسی راه آهن,داود یونسیان,https://scimet.iust.ac.ir/Davood_Younesian,۶۲,۳۹
۳۱/۹۲,۱۳۰,دانشیار,مهندسی مکانیک,آیت قره قانی,https://scimet.iust.ac.ir/Ayatollah_Gharehghani,۶۲,۳۹
۵۱/۶۷,۱۳۳,دانشیار,مهندسی عمران,اصغر حبیب نژادکورایم,https://scimet.iust.ac.ir/Asghar_HabibnejadKorayem,۸۲,۳۸
۲۰/۸۱,۲۲۴,استاد,شیمی,محمدقربان دکامین,https://scimet.iust.ac.ir/Mohammadghorban_Dekamin,۶۱,۳۸
۲۳/۲۱,۱۷۵,استاد,مهندسی شیمی، نفت و گاز,شاهرخ شاه حسینی,https://scimet.iust.ac.ir/Shahrokh_Shahhosseini,۵۶,۳۸
۲۶/۲۵,۹۳,استادیار,ریاضی,امید نیکان,https://scimet.iust.ac.ir/Omid_Nikan,۴۶,۳۸
۲۰/۱۲,۲۵۰,استاد,مهندسی خودرو,محمدحسن شجاعی فرد,https://scimet.iust.ac.ir/Mohammadhasan_Shojaeefard,۶۲,۳۷
۳۲/۹۳,۱۳۳,استاد,مهندسی عمران,مصطفی خانزادی,https://scimet.iust.ac.ir/Mostafa_Khanzadi,۶۴,۳۷
۵۲/۳,۶۸,استادیار,مهندسی مواد و متالورژی,امین عبداله زاده,https://scimet.iust.ac.ir/Amin_Abdollahzadeh,۵۹,۳۷
۵۳/۵۴,۱۳۳,دانشیار,مهندسی شیمی، نفت و گاز,سوسن روشن ضمیر,https://scimet.iust.ac.ir/Soosan_Rowshanzamir,۸۴,۳۶
۲۰/۱۲,۲۲۸,استاد,مهندسی برق,محمدرضا دلیری,https://scimet.iust.ac.ir/MohammadReza_Daliri,۵۸,۳۶
۲۴/۶۳,۱۸۴,استاد,مهندسی شیمی، نفت و گاز,سیدمهدی علوی املشی,https://scimet.iust.ac.ir/SeyedMehdi_AlaviAmleshi,۵۸,۳۶
۲۱/۹۸,۱۹۵,دانشیار,مهندسی مواد و متالورژی,حمیدرضا جعفریان,https://scimet.iust.ac.ir/HamidReza_Jafarian,۵۴,۳۶
۲۰/۸۱,۲۰۴,استاد,شیمی,آزاده تجردی,https://scimet.iust.ac.ir/Azadeh_Tadjarodi,۵۹,۳۶
۲۳/۱۹,۱۶۸,دانشیار,شیمی,محبوبه ربانی,https://scimet.iust.ac.ir/Mahboubeh_Rabbani,۵۷,۳۶
۲۶/۶۷,۱۳۹,استاد,مهندسی مکانیک,فتح اله طاهری بهروز,https://scimet.iust.ac.ir/Fatollah_TaheriBehrouz,۵۴,۳۶
۲۴/۹۳,۱۲۶,استاد,مهندسی راه آهن,سیدجواد میرمحمدصادقی,https://scimet.iust.ac.ir/SeyedJavad_MirMohammadSadeghi,۵۲,۳۶
۲۶/۱۷,۱۶۴,دانشیار,شیمی,علی غفاری نژاد,https://scimet.iust.ac.ir/Ali_Ghaffarinejad,۵۹,۳۵
۱۸/۵۸,۲۲۲,استاد,مهندسی راه آهن,مرتضی اسمعیلی,https://scimet.iust.ac.ir/Morteza_Esmaeili,۵۶,۳۵
۳۴/۸۴,۱۰۱,دانشیار,شیمی,روح اله زارع دورابی,https://scimet.iust.ac.ir/Rouholah_ZareDorabei,۵۷,۳۵
۱۹/۶۸,۱۹۲,استاد,مهندسی مکانیک,سیدمحمد هاشمی نژاد,https://scimet.iust.ac.ir/SeyedMohammad_Hasheminejad,۴۹,۳۴
۲۰/۲۵,۱۸۳,دانشیار,شیمی,شهرزاد جوانشیر,https://scimet.iust.ac.ir/Shahrzad_Javanshir,۵۴,۳۴
۳۱/۰۷,۱۰۸,استاد,مهندسی شیمی، نفت و گاز,احمد رهبرکلیشمی,https://scimet.iust.ac.ir/Ahmad_RahbarKelishami,۵۵,۳۴
۲۱/۲,۲۳۵,استاد,مهندسی صنایع,محمد فتحیان بروجنی,https://scimet.iust.ac.ir/Mohammad_Fathian,۶۶,۳۳
۱۸/۹۲,۱۶۹,استاد,مهندسی مکانیک,بیژن محمدی سنگجوئی,https://scimet.iust.ac.ir/Bijan_MohammadiSangjouei,۴۷,۳۳
۱۳/۶۲,۲۲۸,استاد,مهندسی راه آهن,جبارعلی ذاکری سردرودی,https://scimet.iust.ac.ir/JabbarAli_Zakeri,۴۶,۳۳
۲۵/۴,۲۰۷,دانشیار,مهندسی برق,داود عرب خابوری,https://scimet.iust.ac.ir/Davood_AravKhaburi,۶۹,۳۲
۱۵/۳۱,۲۳۴,استاد,مهندسی مکانیک,محمد صدیقی,https://scimet.iust.ac.ir/Mohammad_Sedighi,۵۱,۳۲
۴۱/۱۹,۶۶,استادیار,مهندسی مواد و متالورژی,روح اله عشیری,https://scimet.iust.ac.ir/Rouholah_Ashiri,۵۱,۳۲
۲۱/۱۴,۱۹۰,استاد,مهندسی برق,محسن کلانتر,https://scimet.iust.ac.ir/Mohsen_Kalantar,۵۹,۳۱
۱۸/۶۵,۱۷۳,استاد,مهندسی صنایع,مهدی غضنفری,https://scimet.iust.ac.ir/Mehdi_Ghazanfari,۵۳,۳۱
۳۳/۵۵,۹۰,دانشیار,فناوری های نوین,روح الله احمدی,https://scimet.iust.ac.ir/Rouhollah_Ahmadi,۵۳,۳۱
۱۷/۱۹,۱۵۷,استاد,مهندسی صنایع,ابراهیم تیموری,https://scimet.iust.ac.ir/Ebrahim_Teimoury,۴۷,۳۱
۱۵/۸,۱۶۵,دانشیار,مهندسی برق,حمید بهنام,https://scimet.iust.ac.ir/Hamid_Behnam,۴۴,۳۱
۱۴/۲۸,۲۶۴,استاد,مهندسی برق,ابوالفضل واحدی,https://scimet.iust.ac.ir/Abolfazl_Vahedi,۴۸,۳۰
۱۴/۰۴,۲۳۷,استاد,مهندسی برق,علی عبدالعالی,https://scimet.iust.ac.ir/Ali_Abdolali,۴۷,۳۰
۲۵/۰۱,۱۲۱,دانشیار,مهندسی خودرو,ابوالفضل خلخالی,https://scimet.iust.ac.ir/Abolfazl_Khalkhali,۵۲,۳۰
۲۵/۸۶,۱۱۵,دانشیار,مهندسی شیمی، نفت و گاز,علیرضا همتی,https://scimet.iust.ac.ir/Alireza_Hemmati,۵۲,۳۰
۱۳/۵۷,۲۱۶,استاد,مهندسی کامپیوتر,محمد عبداللّهی اَزگُمی,https://scimet.iust.ac.ir/Mohammad_AbdollahiAzgomi,۴۵,۳۰
۲۲/۱۷,۱۲۲,دانشیار,مهندسی مکانیک,حمید صفاری نطنزی,https://scimet.iust.ac.ir/Hamid_SaffariNatanzi,۴۸,۳۰
۱۶/۵۴,۱۵۵,دانشیار,مهندسی مواد و متالورژی,حسین آقاجانی,https://scimet.iust.ac.ir/Hossein_Aghajani,۴۳,۳۰
۲۳/۷۶,۱۸۱,استاد,مهندسی برق,علیرضا جلیلیان,https://scimet.iust.ac.ir/Alireza_Jalilian,۶۱,۲۹
۱۶/۷۹,۲۰۹,استاد,مهندسی برق,ستار میرزاکوچکی,https://scimet.iust.ac.ir/Sattar_Mirzakuchaki,۵۳,۲۹
۱۲/۹,۲۶۴,استاد,مهندسی کامپیوتر,محمدرضا جاهدمطلق,https://scimet.iust.ac.ir/MohammadReza_JahedMotlagh,۴۶,۲۹
۱۷/۷۱,۱۷۶,استاد,مهندسی مواد و متالورژی,بیژن افتخاری یکتا,https://scimet.iust.ac.ir/Bijan_EftekhariYekta,۴۸,۲۹
۲۲/۹۱,۱۳۴,دانشیار,مهندسی صنایع,کامران شهانقی,https://scimet.iust.ac.ir/Kamran_Shahanagh,۵۳,۲۹
۲۴/۴۴,۱۱۷,دانشیار,مهندسی صنایع,فرناز برزین پور,https://scimet.iust.ac.ir/Farnaz_Barzinpour,۵۲,۲۹
۲۸/۸۷,۹۵,دانشیار,مهندسی مکانیک,هادی خرمی شاد,https://scimet.iust.ac.ir/Hadi_Khoramishad,۵۱,۲۹
۸/۴۹,۲۸۶,استاد,مهندسی صنایع,علیرضا علی احمدی جشفقانی,https://scimet.iust.ac.ir/Alireza_Aliahmadi,۴۶,۲۹
۲۱/۱۷,۱۱۰,استاد,شیمی,سیدمجید هاشمیان زاده,https://scimet.iust.ac.ir/SeyedMajid_Hashemianzadeh,۴۲,۲۹
۲۶/۷۵,۱۱۲,دانشیار,مهندسی مواد و متالورژی,مسعود گودرزی,https://scimet.iust.ac.ir/Massoud_Goodarzi,۵۳,۲۸
۲۱/۳۸,۱۱۹,استاد,مهندسی شیمی، نفت و گاز,محمدامین ثباتی,https://scimet.iust.ac.ir/MohammadAmin_Sobati,۴۶,۲۸
۱۵/۷۴,۱۵۱,دانشیار,مهندسی صنایع,سعید یعقوبی,https://scimet.iust.ac.ir/Saeed_Yaghoubi,۴۵,۲۸
۲۲/۷,۹۳,دانشیار,مهندسی شیمی، نفت و گاز,رضا نوروزبیگی,https://scimet.iust.ac.ir/Reza_Norouzbeigi,۴۳,۲۸
۱۶/۲,۱۹۱,استاد,مهندسی برق,محمد سلیمانی,https://scimet.iust.ac.ir/Mohammad_Soleimani,۵۰,۲۷
۱۹/۰۲,۱۴۸,دانشیار,مهندسی برق,وحید نیری,https://scimet.iust.ac.ir/Vahid_Nayyeri,۴۹,۲۷
۲۴/۲۶,۱۰۷,استاد,مهندسی عمران,افشین شریعت مهیمنی,https://scimet.iust.ac.ir/Afshin_ShariatMohaymany,۵۰,۲۷
۲۶/۴۳,۹۸,دانشیار,مهندسی خودرو,عبدالله امیرخانی شهرکی,https://scimet.iust.ac.ir/Abdollah_Amirkhani,۴۹,۲۷
۱۴/۴,۱۷۹,استاد,مهندسی عمران,حسین افضلی مهر,https://scimet.iust.ac.ir/Hossein_Afzalimehr,۴۳,۲۷
۱۳/۸,۱۷۸,دانشیار,ریاضی,جواد وحیدی,https://scimet.iust.ac.ir/Javad_Vahidi,۴۵,۲۷
۱۸/۰۲,۱۳۶,دانشیار,شیمی,فرانک منطقی,https://scimet.iust.ac.ir/Faranak_Manteghi,۴۶,۲۷
۱۹/۳۱,۱۲۲,دانشیار,فناوری های نوین,صادق صادق زاده,https://scimet.iust.ac.ir/Sadegh_Sadeghzadeh,۴۳,۲۷
۱۹/۹۹,۱۱۰,دانشیار,مهندسی برق,فرید توتونچیان,https://scimet.iust.ac.ir/Farid_Tootoonchian,۴۲,۲۷
۳۳/۰۶,۶۲,دانشیار,مهندسی خودرو,غلامرضا مولایی منش,https://scimet.iust.ac.ir/GholamReza_Molaeimanesh,۴۵,۲۷
۱۸/۵,۹۵,دانشیار,مهندسی خودرو,حامد سعیدی گوگرچین,https://scimet.iust.ac.ir/Hamed_SaeidiGoogarchin,۳۸,۲۷
۱۳/۰۶,۲۴۷,استاد,مهندسی کامپیوتر,محسن شریفی,https://scimet.iust.ac.ir/Mohsen_Sharifi,۴۸,۲۶
۱۴/۲۳,۱۷۸,استاد,مهندسی عمران,محسنعلی شایانفر,https://scimet.iust.ac.ir/Mohsenali_Shayanfar,۴۳,۲۶
۲۱,۱۱۶,دانشیار,مهندسی مکانیک,مهدی مقیمی,https://scimet.iust.ac.ir/Mahdi_Moghimi,۴۷,۲۶
۲۳/۲۴,۹۸,دانشیار,شیمی,بهشته سهرابی نظری,https://scimet.iust.ac.ir/Beheshteh_Sohrabi,۴۶,۲۶
۱۷/۹۱,۱۲۷,استاد,مهندسی برق,نادر کمجانی برچلویی,https://scimet.iust.ac.ir/Nader_Komjani,۴۳,۲۶
۲۴/۶۶,۹۰,دانشیار,مهندسی صنایع,هادی صاحبی شاهم آبادی,https://scimet.iust.ac.ir/Hadi_Sahebi,۴۵,۲۶
۱۸/۶۸,۱۶۷,استاد,مهندسی برق,محمد فرخی,https://scimet.iust.ac.ir/Mohammad_Farrokhi,۵۲,۲۵
۱۳/۲۷,۲۱۸,استاد,مهندسی برق,جواد پشتان,https://scimet.iust.ac.ir/Javad_Poshtan,۴۵,۲۵
۱۶,۱۷۹,دانشیار,مهندسی صنایع,محمدرضا غلامیان,https://scimet.iust.ac.ir/MohammadReza_Gholamian,۴۹,۲۵
۱۶/۲۴,۱۴۹,استاد,مهندسی شیمی، نفت و گاز,نوراله کثیری بیدهندی,https://scimet.iust.ac.ir/Norollah_KasiriBidhendi,۴۴,۲۵
۱۸/۸۷,۱۲۶,استاد,مهندسی خودرو,جواد مرزبان راد,https://scimet.iust.ac.ir/Javad_Marzbanrad,۴۵,۲۵
۹/۷۵,۲۴۳,استاد,مهندسی برق,محمد خلج امیرحسینی,https://scimet.iust.ac.ir/Mohammad_KhalajAmirhosseini,۳۵,۲۵
۳۲/۲۶,۷۱,دانشیار,مهندسی صنایع,سیدفرید قنادپور,https://scimet.iust.ac.ir/SeyedFarid_Ghannadpour,۴۷,۲۵
۱۸/۹۳,۹۸,استاد,مهندسی برق,سهیل گنجه فر,https://scimet.iust.ac.ir/Soheil_Ganjefar,۳۹,۲۵
۳۰/۱۹,۶۱,استادیار,مهندسی مکانیک,سیاوش کاظمی راد,https://scimet.iust.ac.ir/Siavash_Kazemirad,۴۲,۲۵
۲۰/۰۱,۹۱,استاد,مهندسی مکانیک,امیرحسین دوائی مرکزی,https://scimet.iust.ac.ir/Amirhossein_DavaieMarkazi,۴۰,۲۵
۱۵/۷۴,۱۱۵,استاد,مهندسی مکانیک,کامران دانشجو,https://scimet.iust.ac.ir/Kamran_Daneshjou,۳۹,۲۵
۱۶/۳۵,۱۰۹,استاد,مهندسی مکانیک,فرزاد بازدیدی طهرانی,https://scimet.iust.ac.ir/Farzad_BazdidiTehrani,۳۸,۲۵
۱۷/۲۶,۱۰۰,دانشیار,مهندسی مکانیک,سیدعلی نیک نام,https://scimet.iust.ac.ir/SeyyedAli_Niknam,۳۹,۲۵
۲۱/۶۶,۷۴,استاد,مهندسی خودرو,بهروز مشهدی,https://scimet.iust.ac.ir/Behroz_Mashadi,۳۸,۲۵
۱۷/۳۸,۱۳۹,استاد,مهندسی برق,عباس عرفانیان امیدوار,https://scimet.iust.ac.ir/Abbas_ErfanianOmidvar,۴۵,۲۴
۱۹/۶۳,۱۰۷,استاد,مهندسی شیمی، نفت و گاز,محمدرضا مقبلی,https://scimet.iust.ac.ir/MohammadReza_Moghbeli,۴۲,۲۴
۲۰/۶۸,۱۰۱,دانشیار,مهندسی صنایع,محمد مهدوی مزده,https://scimet.iust.ac.ir/Mohammad_MahdaviMazdeh,۴۳,۲۴
۱۹/۲۸,۹۵,دانشیار,مهندسی شیمی، نفت و گاز,سلمان موحدی راد,https://scimet.iust.ac.ir/Salman_Movahedirad,۳۹,۲۴
۱۹/۳۲,۷۴,دانشیار,مهندسی مواد و متالورژی,سمیه اعلم الهدی,https://scimet.iust.ac.ir/Somaye_Alamolhoda,۳۵,۲۴
۲۰/۸۴,۶۶,دانشیار,فناوری های نوین,میثم جلالی,https://scimet.iust.ac.ir/Maisam_Jalaly,۳۶,۲۴
۳۸/۱۵,۷۱,استادیار,مهندسی صنایع,بابک امیری,https://scimet.iust.ac.ir/Babk_Amiri,۵۱,۲۳
۲۵/۳۷,۸۹,استاد,مهندسی عمران,حبیب شاه نظری,https://scimet.iust.ac.ir/Habib_Shahnazari,۴۶,۲۳
۴۵/۴۱,۴۶,استادیار,مهندسی عمران,مجید حسین زاده,https://scimet.iust.ac.ir/Majid_Hosseinzadeh,۴۵,۲۳
۲۳/۲۸,۸۱,استادیار,شیمی,سیدمرتضی موسوی خوشدل,https://scimet.iust.ac.ir/SeyedMorteza_MosaviKhoshdel,۴۲,۲۳
۱۳/۰۷,۱۳۶,استاد,مهندسی مکانیک,نوروزمحمد نوری,https://scimet.iust.ac.ir/NowrouzMohammad_Nouri,۳۶,۲۳
۱۸/۹۲,۹۳,دانشیار,شیمی,افسانه ملاحسینی,https://scimet.iust.ac.ir/Afsaneh_Mollahosseini,۳۹,۲۳
۱۲/۴,۱۱۹,دانشیار,مهندسی مواد و متالورژی,سیدمحمد میرکاظمی,https://scimet.iust.ac.ir/SeyedMohammad_Mirkazemi,۳۳,۲۳
۱۳/۳۳,۱۶۱,دانشیار,مهندسی کامپیوتر,ناصر مزینی,https://scimet.iust.ac.ir/Nasser_Mozayani,۴۲,۲۲
۱۵/۱۵,۱۳۱,دانشیار,مهندسی صنایع,عمران محمدی,https://scimet.iust.ac.ir/Emran_Mohammadi,۴۱,۲۲
۱۷/۰۹,۱۱۵,دانشیار,مهندسی مکانیک,میرسعید صفی زاده,https://scimet.iust.ac.ir/MirSaeed_Safizadeh,۴۳,۲۲
۱۷/۵,۱۱۰,دانشیار,مهندسی مکانیک,بهنام داودی,https://scimet.iust.ac.ir/Behnam_Davoodi,۴۲,۲۲
۹/۶۹,۱۹۵,دانشیار,مهندسی برق,حسین حیدری,https://scimet.iust.ac.ir/Hossein_Heydari,۳۶,۲۲
۲۰/۲۷,۹۳,دانشیار,مهندسی صنایع,سیامک نوری,https://scimet.iust.ac.ir/Siamak_Noori,۴۱,۲۲
۱۸/۱۸,۹۳,استادیار,مهندسی عمران,مهران کریم پورفرد,https://scimet.iust.ac.ir/Mehran_Karimpourfard,۳۸,۲۲
۱۶/۱۵,۱۰۲,دانشیار,مهندسی راه آهن,مسعود یقینی,https://scimet.iust.ac.ir/Maseod_Yaghini,۳۹,۲۲
۱۳/۸۶,۱۱۶,دانشیار,مهندسی مواد و متالورژی,سیدحسین رضوی,https://scimet.iust.ac.ir/SeyedHossein_Razavi,۳۷,۲۲
۲۵/۱۵,۶۳,استادیار,مهندسی کامپیوتر,رضا انتظاری ملکی,https://scimet.iust.ac.ir/Reza_EntezariMaleki,۳۸,۲۲
۱۵/۴۶,۹۷,دانشیار,مهندسی شیمی، نفت و گاز,محمد فصیحی دستجردی,https://scimet.iust.ac.ir/Mohammad_Fasihi,۳۴,۲۲
۲۳/۳۹,۶۱,دانشیار,مهندسی خودرو,سلمان ابراهیمی نژادرفسنجانی,https://scimet.iust.ac.ir/Salman_Ebrahiminejad,۳۵,۲۲
۱۲/۲۷,۱۰۶,دانشیار,مهندسی عمران,علی اکبر شیرزادی جاوید,https://scimet.iust.ac.ir/AliAkbar_ShirzadiJavid,۳۳,۲۲
۱۳/۳۸,۹۷,دانشیار,مهندسی عمران,ناصر شابختی,https://scimet.iust.ac.ir/Naser_Shabakhty,۳۳,۲۲
۶۵/۹۳,۴۴,دانشیار,مهندسی راه آهن,سیدمحمد موسوی گزافرودی,https://scimet.iust.ac.ir/SayedMohammad_MousaviGazafrudi,۴۴,۲۱
۱۳/۷,۱۶۲,استاد,مهندسی معماری و شهرسازی,غلامحسین معماریان,https://scimet.iust.ac.ir/Gholamhossen_Memarian,۴۷,۲۱
۳۸/۹۱,۵۷,استادیار,مهندسی عمران,مجید ایلچی قزآان,https://scimet.iust.ac.ir/Majid_IlchiGhazaan,۴۷,۲۱
۹/۷۹,۱۹۸,استاد,مهندسی معماری و شهرسازی,محسن فیضی,https://scimet.iust.ac.ir/Mohsen_Faizi,۳۹,۲۱
۱۳/۱۴,۱۳۵,دانشیار,مهندسی عمران,برات مجردی,https://scimet.iust.ac.ir/Barat_Mojaradi,۳۹,۲۱
۲۷/۲۲,۵۸,استادیار,مهندسی مکانیک,سمانه قندهاریون,https://scimet.iust.ac.ir/Samane_Ghandehariun,۳۹,۲۱
۹/۲۹,۱۶۸,دانشیار,مهندسی برق,سیدادیب ابریشمی فر,https://scimet.iust.ac.ir/SeyedAdib_Abrishamifar,۳۳,۲۱
۹/۵۴,۱۵۷,استاد,فیزیک,مهدی اسماعیل زاده هنجنی,https://scimet.iust.ac.ir/Mahdi_Esmaeilzadeh,۳۱,۲۱
۱۳/۲۲,۱۱۰,دانشیار,مهندسی عمران,سیدمصطفی سیادت موسوی,https://scimet.iust.ac.ir/Seyedmostafa_Siadatmosavi,۳۴,۲۱
۱۷/۶۶,۷۷,دانشیار,مهندسی مواد و متالورژی,سعید رستگاری,https://scimet.iust.ac.ir/Saeid_Rastegari,۳۵,۲۱
۲۴/۳,۵۲,دانشیار,مهندسی عمران,مطهره سعادت پور,https://scimet.iust.ac.ir/Motahareh_Saadatpour,۳۵,۲۱
۱۲/۳۸,۹۶,استاد,مهندسی شیمی، نفت و گاز,محمدتقی صادقی,https://scimet.iust.ac.ir/Mohammad_TaghiSadeghi,۳۱,۲۱
۲۲/۱۶,۵۰,استادیار,مهندسی کامپیوتر,امیرمهدی حسینی منزه,https://scimet.iust.ac.ir/AmirMahdi_HosseiniMonazzah,۳۲,۲۱
۲۴/۷۷,۱۰۳,استاد,ریاضی,اسداله آقاجانی,https://scimet.iust.ac.ir/Asadollah_Aghajani,۴۹,۲۰
۲۱/۷۸,۹۵,استاد,مهندسی مکانیک,حجت قاسمی,https://scimet.iust.ac.ir/Hojat_Ghassemi,۴۴,۲۰
۲۷/۸۱,۵۳,استادیار,مهندسی عمران,پویان ایار,https://scimet.iust.ac.ir/Ayar_Pooyan,۳۸,۲۰
۳۰/۴۱,۴۳,استادیار,فناوری های نوین,حسین بنا متجددامروز,https://scimet.iust.ac.ir/Hossein_Banna,۳۶,۲۰
۲۰/۱۹,۶۱,دانشیار,مهندسی مکانیک,مجید رجبی,https://scimet.iust.ac.ir/Majid_Rajabi,۳۴,۲۰
۵/۳۵,۲۲۲,استاد,ریاضی,مهدی علائیان,https://scimet.iust.ac.ir/Mehdi_Alaeiyan,۲۷,۲۰
۱۴/۶,۸۰,دانشیار,مهندسی صنایع,عبدالرحمن حائری,https://scimet.iust.ac.ir/Abdorahman_Haeri,۳۲,۲۰
۱۷/۳۷,۶۲,دانشیار,مهندسی راه آهن,سعید محمدزاده,https://scimet.iust.ac.ir/Saeed_Mohammadzadeh,۳۰,۲۰
۱۵/۴۲,۶۹,دانشیار,مهندسی راه آهن,پریسا حسینی تهرانی,https://scimet.iust.ac.ir/Parisa_HosseiniTehrani,۳۰,۲۰
۱۲/۹۶,۷۸,دانشیار,فیزیک,محمدرضا زمانی میمیان,https://scimet.iust.ac.ir/MohammadReza_ZamaniMeymian,۲۷,۲۰
۱۱/۷۳,۸۴,دانشیار,فناوری های نوین,رضا دشتی,https://scimet.iust.ac.ir/Reza_Dashti,۲۹,۲۰
۲۹/۵۸,۷۰,دانشیار,مهندسی خودرو,امیرحسن کاکائی,https://scimet.iust.ac.ir/Amirhasan_Kakaee,۴۵,۱۹
۲۷/۴۸,۵۴,استادیار,مهندسی شیمی، نفت و گاز,روح الدین میری,https://scimet.iust.ac.ir/Rohaldin_Miri,۳۸,۱۹
۱۸/۳۶,۷۹,دانشیار,مهندسی برق,محمد سروی,https://scimet.iust.ac.ir/Mohammad_Sarvi,۳۶,۱۹
۱۲/۰۶,۱۲۰,دانشیار,مهندسی برق,سیدمحمد رضوی زاده,https://scimet.iust.ac.ir/SeyedMohammad_Razavizadeh,۳۵,۱۹
۱۳/۳۸,۱۰۳,دانشیار,مهندسی عمران,علی توکلی کاشانی,https://scimet.iust.ac.ir/Ali_TavakoliKashani,۳۶,۱۹
۱۴/۷۶,۹۱,دانشیار,مهندسی صنایع,روزبه قوسی,https://scimet.iust.ac.ir/Roozbeh_Ghousi,۳۵,۱۹
۱۰/۶۵,۱۰۹,دانشیار,مهندسی مکانیک,برهان بیگ زاده,https://scimet.iust.ac.ir/Borhan_Beigzadeh,۲۹,۱۹
۱۱/۱۱,۸۸,استاد,فیزیک,بیژن غفاری قمی,https://scimet.iust.ac.ir/Ghafary_Bijan,۲۶,۱۹
۱۸/۲۵,۵۱,دانشیار,مهندسی مواد و متالورژی,مسعود هاشمی نیاسری,https://scimet.iust.ac.ir/Masood_Hasheminiasari,۲۹,۱۹
۱۳/۸۶,۶۵,دانشیار,مهندسی برق,وحید شالچیان,https://scimet.iust.ac.ir/Vahid_Shalchyan,۲۸,۱۹
۱۷/۵۱,۴۹,استادیار,مهندسی خودرو,مسعود دهمرده,https://scimet.iust.ac.ir/Masoud_Dahmardeh,۲۸,۱۹
۲۵/۳۳,۶۵,استادیار,مهندسی برق,سیدسعید فاضل,https://scimet.iust.ac.ir/SeyedSaeid_Fazel,۴۰,۱۸
۳۰/۱۶,۵۳,استادیار,مهندسی مواد و متالورژی,سیدرضا علمی حسینی,https://scimet.iust.ac.ir/SeyedReza_ElmiHosseini,۴۰,۱۸
۲۵/۸۹,۵۸,استادیار,فیزیک,آسیه السادات کاظمی شیخ شبانی,https://scimet.iust.ac.ir/AsiehSadat_Kazemi,۳۸,۱۸
۱۵/۸۹,۹۲,دانشیار,مهندسی برق,سیدعلی اصغر بهشتی شیرازی,https://scimet.iust.ac.ir/SeyedAliAsghar_BeheshtiShirazi,۳۶,۱۸
۲۰/۹,۶۲,دانشیار,زبان,شهین واعظی,https://scimet.iust.ac.ir/Shahin_Vaezi,۳۵,۱۸
۷/۷۳,۱۶۷,دانشیار,مدیریت، اقتصاد و مهندسی پیشرفت,علی بنیادی نائینی,https://scimet.iust.ac.ir/Ali_BonyadiNaeini,۳۲,۱۸
۱۲/۹۸,۹۷,دانشیار,مهندسی راه آهن,مرتضی باقری,https://scimet.iust.ac.ir/Morteza_Bagheri,۳۴,۱۸
۸/۳۶,۱۴۰,استاد,ریاضی,رحمان فرنوش,https://scimet.iust.ac.ir/Rahman_Farnoosh,۲۹,۱۸
۲۷/۰۲,۴۳,دانشیار,مهندسی شیمی، نفت و گاز,پریسا حجازی,https://scimet.iust.ac.ir/Parisa_Hejazi,۳۳,۱۸
۱۴/۹۳,۷۶,استادیار,زبان,محمد امینی فارسانی,https://scimet.iust.ac.ir/Mohammad_AminiFarsani,۳۲,۱۸
۳۲/۲۴,۳۳,استادیار,مهندسی مواد و متالورژی,مهدی ملکی,https://scimet.iust.ac.ir/Mahdi_Maleki,۳۲,۱۸
۱۴/۱۳,۶۰,دانشیار,مهندسی عمران,علیرضا سعیدی عزیزکندی,https://scimet.iust.ac.ir/Alireza_SaeediAzizkandi,۲۷,۱۸
۱۷/۴۸,۳۹,استادیار,مهندسی خودرو,مرتضی ملاجعفری,https://scimet.iust.ac.ir/Morteza_Mollajafari,۲۵,۱۸
۱۰/۰۸,۱۵۷,دانشیار,مهندسی معماری و شهرسازی,سیدعباس آقایزدانفر,https://scimet.iust.ac.ir/Abbas_Yazdanfar,۳۷,۱۷
۱۱/۸۱,۱۱۹,استاد,فیزیک,محمدحسین مهدیه,https://scimet.iust.ac.ir/MohammadHossein_Mahdieh,۳۴,۱۷
۲۲/۵۸,۵۶,دانشیار,ریاضی,تورج نیک آزاد,https://scimet.iust.ac.ir/Touraj_Nikazad,۳۵,۱۷
۱۳/۵۷,۸۸,دانشیار,مهندسی خودرو,مسعود مسیح طهرانی,https://scimet.iust.ac.ir/Masoud_MasihTehrani,۳۲,۱۷
۴/۴۴,۲۶۸,استاد,مهندسی معماری و شهرسازی,مصطفی بهزادفر,https://scimet.iust.ac.ir/Mostafa_Behzadfar,۲۴,۱۷
۱۱/۶۹,۱۰۰,دانشیار,فناوری های نوین,سیدحسن صدیقی,https://scimet.iust.ac.ir/SeyedHassan_Sedighy,۳۲,۱۷
۱۵/۶۷,۶۴,دانشیار,مهندسی راه آهن,محمدعلی صندیدزاده,https://scimet.iust.ac.ir/MohammadAli_Sandidzadeh,۳۰,۱۷
۶/۷,۱۲۹,استاد,ریاضی,محمدباقر قائمی,https://scimet.iust.ac.ir/MohamadBagher_Ghaemi,۲۵,۱۷
۱۳/۳۴,۶۳,دانشیار,مهندسی مواد و متالورژی,علیرضا ذاکری,https://scimet.iust.ac.ir/Alireza_Zakeri,۲۸,۱۷
۹/۰۷,۹۱,دانشیار,مهندسی عمران,وحید بروجردیان,https://scimet.iust.ac.ir/Vahid_Broujerdian,۲۴,۱۷
۱۳/۷۶,۶۰,دانشیار,مهندسی عمران,حمیدرضا رازقی,https://scimet.iust.ac.ir/Hamidreza_Razeghi,۲۷,۱۷
۱۴/۹۸,۵۴,دانشیار,مهندسی مکانیک,ساسان آسیایی,https://scimet.iust.ac.ir/Sasan_Asiaei,۲۷,۱۷
۱۲/۰۴,۶۴,استادیار,مهندسی کامپیوتر,وصال حکمی,https://scimet.iust.ac.ir/Vesal_Hakami,۲۶,۱۷
۱۱/۳۸,۶۵,استادیار,مهندسی کامپیوتر,مهرداد آشتیانی,https://scimet.iust.ac.ir/Mehrdad_Ashtiani,۲۶,۱۷
۶/۳۳,۱۹۲,دانشیار,مهندسی برق,محمدحسین کهایی,https://scimet.iust.ac.ir/MohammadHossein_Kahaee,۲۷,۱۶
۷/۹۶,۱۵۰,دانشیار,مهندسی برق,مجید طیرانی,https://scimet.iust.ac.ir/Majid_Tayarani,۲۹,۱۶
۳/۷۷,۳۱۵,استاد,مهندسی عمران,شهریار افندیزاده زرگری,https://scimet.iust.ac.ir/Shahriar_Afandizadeh,۲۹,۱۶
۲۷/۷۸,۳۳,دانشیار,مهندسی شیمی، نفت و گاز,امید وحیدی,https://scimet.iust.ac.ir/Omid_Vahidi,۳۰,۱۶
۱۵/۲۷,۵۵,استادیار,مهندسی عمران,علی اکبر حشمتی رفسنجانی,https://scimet.iust.ac.ir/AliAkbar_Heshmati,۲۸,۱۶
۶/۹,۱۱۵,استاد,فیزیک,سیدادریس فیض آبادی,https://scimet.iust.ac.ir/SeyedEdris_Faizabadi,۲۲,۱۶
۲۵/۱۶,۳۱,استادیار,مهندسی راه آهن,احمد میرآبادی,https://scimet.iust.ac.ir/Ahmad_Mirabadi,۲۷,۱۶
۲۰/۴۳,۶۶,دانشیار,مهندسی مکانیک,اسماعیل خان میرزا,https://scimet.iust.ac.ir/Esmaeel_Khanmirza,۳۶,۱۵
۲۶/۸۸,۴۵,استادیار,مهندسی معماری و شهرسازی,مرتضی رهبر,https://scimet.iust.ac.ir/Morteza_Rahbar,۳۴,۱۵
۴/۶۴,۲۳۸,استاد,ریاضی,مهدی نجفی خواه,https://scimet.iust.ac.ir/Mahdi_Nadjafikhah,۲۹,۱۵
۴/۰۲,۲۰۱,دانشیار,مهندسی معماری و شهرسازی,حسن صادقی نائینی,https://scimet.iust.ac.ir/Hassan_SadeghiNaeini,۲۴,۱۵
۱۱/۶۷,۶۷,استادیار,شیمی,علیرضا اکبرزاده,https://scimet.iust.ac.ir/AliReza_Akbarzadeh,۲۷,۱۵
۱۶/۵۳,۴۷,دانشیار,ریاضی,سمانه مشهدی,https://scimet.iust.ac.ir/Samaneh_Mashhadi,۲۷,۱۵
۱۶/۵۲,۴۶,استادیار,مهندسی کامپیوتر,محمدرضا محمدی,https://scimet.iust.ac.ir/MohammadReza_Mohammadi,۲۷,۱۵
۱۲/۶۵,۵۸,استادیار,مهندسی برق,ابوذر غفاری,https://scimet.iust.ac.ir/Aboozar_Ghaffari,۲۶,۱۵
۱۲/۷۱,۵۳,استادیار,مهندسی عمران,سیدسجاد میرولد,https://scimet.iust.ac.ir/Sajjad_Mirvalad,۲۵,۱۵
۱۲/۹,۵۱,استادیار,مهندسی شیمی، نفت و گاز,فروغ عاملی,https://scimet.iust.ac.ir/Forough_Ameli,۲۵,۱۵
۱۱/۲۹,۵۸,استادیار,مهندسی عمران,ندا کامبوزیا,https://scimet.iust.ac.ir/Neda_Kamboozia,۲۵,۱۵
۱۵/۵۳,۴۱,استادیار,مهندسی مواد و متالورژی,حمیدرضا کوه دار,https://scimet.iust.ac.ir/Hamidreza_Koohdar,۲۵,۱۵
۱۰/۸۸,۵۴,دانشیار,مهندسی راه آهن,محمدرضا طلائی,https://scimet.iust.ac.ir/MohammadReza_Talaee,۲۳,۱۵
۸/۷۵,۶۶,استادیار,فناوری های نوین,مجید بختیاری,https://scimet.iust.ac.ir/Majid_Bakhtiari,۲۳,۱۵
۱۴/۸۷,۳۳,استادیار,فیزیک,محسن بابامرادی,https://scimet.iust.ac.ir/Mohsen_Babamoradi,۲۲,۱۵
۱۷/۷۶,۶۵,استادیار,زبان,محبوبه تقی زاده,https://scimet.iust.ac.ir/Taghizadeh_Mahboubeh,۳۳,۱۴
۲۲/۸۵,۴۹,استادیار,مهندسی راه آهن,اصغر نصر,https://scimet.iust.ac.ir/Asghar_Nasr,۳۳,۱۴
۱۷/۲,۵۸,استادیار,مهندسی برق,عارف اسکندری,https://scimet.iust.ac.ir/Aref_Eskandari,۳۱,۱۴
۸/۳۷,۱۰۵,دانشیار,مهندسی برق,علی صدر,https://scimet.iust.ac.ir/Ali_Sadr,۲۴,۱۴
۶/۶۴,۱۲۶,دانشیار,مهندسی برق,محمدعظیم کرمی,https://scimet.iust.ac.ir/Mohammad_AzimKarami,۲۲,۱۴
۱۱,۷۵,دانشیار,مهندسی کامپیوتر,زینب موحدی,https://scimet.iust.ac.ir/Zeinab_Movahedi,۲۷,۱۴
۱۶/۵۴,۴۶,استادیار,مهندسی برق,سیدعلیرضا نظام الحسینی عزآبادی,https://scimet.iust.ac.ir/SeyedAlireza_Nezamalhosseini,۲۷,۱۴
۱۹/۸۶,۳۷,استادیار,مهندسی برق,شاهرخ فرهمند,https://scimet.iust.ac.ir/Shahrokh_Farahmand,۲۷,۱۴
۹/۳۶,۷۴,دانشیار,مهندسی کامپیوتر,حسن نادری,https://scimet.iust.ac.ir/Hassan_Naderi,۲۵,۱۴
۱۲/۱۶,۵۳,دانشیار,مهندسی برق,فرزان حدادی,https://scimet.iust.ac.ir/Farzan_Haddadi,۲۴,۱۴
۸/۰۸,۷۳,دانشیار,مهندسی برق,سعید شمقدری,https://scimet.iust.ac.ir/Saeed_Shamaghdari,۲۰,۱۴
۱۷/۲۳,۳۰,استادیار,مهندسی عمران,وحید تمیمی,https://scimet.iust.ac.ir/Vahid_Tamimi,۲۲,۱۴
۱۲/۴,۴۰,استادیار,مهندسی عمران,حسین علیزاده,https://scimet.iust.ac.ir/Hossein_Alizadeh,۲۱,۱۴
۱۲/۳۴,۳۸,استادیار,فیزیک,مریم بحرینی,https://scimet.iust.ac.ir/Maryam_Bahreini,۲۱,۱۴
۸/۳۷,۱۳۵,استاد,مهندسی معماری و شهرسازی,فاطمه مهدیزاده سراج,https://scimet.iust.ac.ir/Fatemeh_MehdizadehSeraj,۳۱,۱۳
۲۱/۰۴,۴۲,استادیار,مهندسی شیمی، نفت و گاز,امین بازیاری,https://scimet.iust.ac.ir/Amin_Bazyari,۲۹,۱۳
۸/۴۸,۸۵,دانشیار,ریاضی,اکبر دهقان نژاد,https://scimet.iust.ac.ir/Akbar_Dehghannezhad,۲۶,۱۳
۱۴/۷۷,۴۸,استادیار,مهندسی برق,جواد یاوندحسنی,https://scimet.iust.ac.ir/Javad_YavandHasani,۲۶,۱۳
۱۷/۳۵,۴۰,دانشیار,مهندسی راه آهن,حبیب اله ملاطفی,https://scimet.iust.ac.ir/Habibollah_Molatefi,۲۶,۱۳
۲/۸۲,۲۲۱,دانشیار,مهندسی معماری و شهرسازی,رضا خیرالدین,https://scimet.iust.ac.ir/Reza_Kheyroddin,۲۰,۱۳
۱۱/۲۴,۵۳,استادیار,مهندسی مواد و متالورژی,امیرمحمود بخشایش,https://scimet.iust.ac.ir/Amirmahmoud_Bakhshayesh,۲۴,۱۳
۶/۹۲,۸۳,دانشیار,مهندسی مکانیک,امیرمهدی تحسینی,https://scimet.iust.ac.ir/Amirmahdi_Tahsini,۲۰,۱۳
۱۹/۶۸,۲۹,دانشیار,مهندسی شیمی، نفت و گاز,فرشته نعیم پور,https://scimet.iust.ac.ir/Fereshteh_Naeimpoor,۲۳,۱۳
۱۲/۹۷,۴۳,استادیار,مهندسی مواد و متالورژی,مریم تاج آبادی,https://scimet.iust.ac.ir/Maryam_Tajabadi,۲۳,۱۳
۱۱/۰۸,۴۸,استادیار,مدیریت، اقتصاد و مهندسی پیشرفت,مهرداد آقا محمدعلی کرمانی,https://scimet.iust.ac.ir/Mehrdad_AghaMohammadAliKermani,۲۲,۱۳
۱۳/۴۳,۳۹,دانشیار,فیزیک,فاطمه دباغ کاشانی,https://scimet.iust.ac.ir/Fatemeh_DabbaghKashani,۲۲,۱۳
۱۴/۶۳,۳۳,دانشیار,مهندسی راه آهن,شروان عطایی,https://scimet.iust.ac.ir/Shervan_Ataei,۲۱,۱۳
۷/۸۴,۵۷,دانشیار,مهندسی شیمی، نفت و گاز,مهدی عصاره,https://scimet.iust.ac.ir/Mehdi_Assareh,۱۹,۱۳
۶/۶۷,۶۵,استادیار,مهندسی کامپیوتر,حسین رحمانی,https://scimet.iust.ac.ir/Hossein_Rahmani,۱۸,۱۳
۲۳/۶۶,۴۲,استادیار,فناوری های نوین,میثم فرج الهی,https://scimet.iust.ac.ir/Maisam_Farajollahi,۳۱,۱۲
۲۲/۵۱,۳۷,استادیار,مهندسی صنایع,احسان دهقانی برسیانی,https://scimet.iust.ac.ir/Ehsan_Dehghani,۲۸,۱۲
۱۷/۴۷,۴۴,استادیار,مهندسی برق,سیدمجید اسماعیل زاده,https://scimet.iust.ac.ir/SeyedMajid_Esmaeilzadeh,۲۷,۱۲
۴/۲۱,۱۷۱,دانشیار,مهندسی معماری و شهرسازی,مهدی خاک زند,https://scimet.iust.ac.ir/Mahdi_Khakzand,۲۲,۱۲
۲۷/۴۶,۲۶,استادیار,مهندسی شیمی، نفت و گاز,حسین فاضلی,https://scimet.iust.ac.ir/Hossein_Fazeli,۲۶,۱۲
۱۰/۷۱,۶۰,استادیار,مهندسی عمران,محسن صابرماهانی,https://scimet.iust.ac.ir/Mohsen_SaberMahani,۲۴,۱۲
۱۹/۲,۳۰,استادیار,مهندسی عمران,مریم حسنی زنوزی,https://scimet.iust.ac.ir/Maryam_HasaniZonoozi,۲۳,۱۲
۱۹/۷۹,۲۹,استادیار,مهندسی مکانیک,محمدجواد اشرفی حبیب آبادی,https://scimet.iust.ac.ir/MohammadJavad_AshrafiHabibabadi,۲۳,۱۲
۹/۵۳,۶۰,استادیار,مهندسی عمران,عبدالرضا شیخ الاسلامی کندلوس,https://scimet.iust.ac.ir/Abdolreza_Sheikholeslami,۲۳,۱۲
۱۹/۵۵,۲۹,استادیار,فیزیک,رضوانه امراللهی بیوکی,https://scimet.iust.ac.ir/Rezvaneh_Amrollahi,۲۳,۱۲
۹/۵۹,۵۷,دانشیار,فیزیک,امیرحسین احمدخان کردبچه,https://scimet.iust.ac.ir/AmirHossein_AhmadkhanKordbacheh,۲۳,۱۲
۲۰/۸۸,۲۶,استادیار,فناوری های نوین,روح الله رحمانی فرد,https://scimet.iust.ac.ir/Roohollah_Rahmanifard,۲۳,۱۲
۱۱/۰۴,۴۸,استادیار,مهندسی مواد و متالورژی,هاجر قنبری,https://scimet.iust.ac.ir/Hajar_Ghanbari,۲۲,۱۲
۷/۳۶,۶۳,دانشیار,مهندسی عمران,مرتضی رئیسی دهکردی,https://scimet.iust.ac.ir/Morteza_RaissiDehkordi,۱۹,۱۲
۱۳/۲۴,۲۹,استادیار,مهندسی کامپیوتر,عیسی زارع پور,https://scimet.iust.ac.ir/Eisa_Zarepour,۱۹,۱۲
۹/۹۶,۳۱,دانشیار,ریاضی,رضا احمدی,https://scimet.iust.ac.ir/Reza_Ahmadi,۱۷,۱۲
۳۸/۵,۲۶,استادیار,فیزیک,بابک زارع رمشتی,https://scimet.iust.ac.ir/Babak_ZareRameshti,۲۵,۱۱
۱۲/۱۶,۵۰,دانشیار,مهندسی صنایع,محمدرضا رسولی,https://scimet.iust.ac.ir/Mohammadreza_Rasouli,۲۳,۱۱
۱۴/۴۳,۳۷,استادیار,مهندسی مکانیک,محمد شهبازی اغبلاغ,https://scimet.iust.ac.ir/Mohammad_Shahbazi,۲۲,۱۱
۱۱/۱۸,۴۳,استادیار,مهندسی راه آهن,حمیدرضا احدی,https://scimet.iust.ac.ir/Hamidreza_Ahadi,۲۱,۱۱
۱۱/۴۲,۴۲,استادیار,مهندسی کامپیوتر,سیدوحید ازهری,https://scimet.iust.ac.ir/SeyedVahid_Azhari,۲۱,۱۱
۲/۹۷,۱۶۱,استادیار,مهندسی معماری و شهرسازی,مهدی حمزه نژاد,https://scimet.iust.ac.ir/Mahdi_Hamzenejad,۱۹,۱۱
۸/۴۶,۵۴,استادیار,مهندسی راه آهن,سیدعلی مسیبی,https://scimet.iust.ac.ir/SeyedAli_Mosayebi,۱۹,۱۱
۹/۹۳,۴۴,استادیار,مهندسی شیمی، نفت و گاز,سیدمجتبی حسینی نسب,https://scimet.iust.ac.ir/SeyedMojtaba_HosseiniNasab,۲۰,۱۱
۹/۱۵,۴۴,استادیار,مهندسی خودرو,علی قاسمیان مقدم,https://scimet.iust.ac.ir/Ali_Ghasemian,۱۹,۱۱
۸/۷۹,۴۴,استادیار,مهندسی برق,سعید عباداللهی,https://scimet.iust.ac.ir/Saeed_Ebadollahi,۱۹,۱۱
۵/۶۳,۶۶,دانشیار,مدیریت، اقتصاد و مهندسی پیشرفت,یاسر سبحانی فرد,https://scimet.iust.ac.ir/Yaser_Sobhanifard,۱۸,۱۱
۷/۱۳,۴۳,استادیار,فیزیک,شهاب نوروزیان علم,https://scimet.iust.ac.ir/Shahab_NorouzianAlam,۱۷,۱۱
۱۱/۹۶,۲۵,استادیار,فیزیک,ذبیح اله ذبیحی لهرمی,https://scimet.iust.ac.ir/Zabiholah_ZabihiLahrami,۱۷,۱۱
۱۵/۵۹,۳۲,استادیار,مهندسی شیمی، نفت و گاز,حسن فرخ زاد,https://scimet.iust.ac.ir/Hasan_Farrokhzad,۲۲,۱۰
۱۲/۳۵,۳۴,استادیار,مهندسی راه آهن,حمیدرضا حیدری نوقابی,https://scimet.iust.ac.ir/HamidReza_Heydari,۲۰,۱۰
۲۴/۴۱,۱۷,استادیار,مدیریت، اقتصاد و مهندسی پیشرفت,سیدمیعاد صالحی,https://scimet.iust.ac.ir/SM_Salehi,۱۷,۱۰
۶/۸,۶۰,دانشیار,ریاضی,سیده محبوبه مولوی عربشاهی,https://scimet.iust.ac.ir/SeyedMahboubeh_MolaviArabshahi,۱۹,۱۰
۱۴/۸۸,۲۶,استادیار,مهندسی شیمی، نفت و گاز,سروش برادران,https://scimet.iust.ac.ir/Soroush_Baradaran,۱۹,۱۰
۶/۵۴,۵۹,دانشیار,مهندسی معماری و شهرسازی,احمد اخلاصی,https://scimet.iust.ac.ir/Ahmad_Ekhlassi,۱۸,۱۰
۲۲/۶۴,۱۷,استادیار,مهندسی راه آهن,علیرضا طلوع کیان,https://scimet.iust.ac.ir/AliReza_TolouKian,۱۷,۱۰
۶/۸۵,۵۵,دانشیار,فیزیک,مهدی شایگان منش,https://scimet.iust.ac.ir/Mahdi_Shayganmanesh,۱۸,۱۰
۹/۱۷,۴۱,استادیار,مهندسی برق,حسین سلیمانی,https://scimet.iust.ac.ir/Hossein_Soleimani,۱۸,۱۰
۱۱/۳۱,۲۹,استادیار,مهندسی معماری و شهرسازی,میترا غفوریان,https://scimet.iust.ac.ir/Mitra_Ghafourian,۱۷,۱۰
۵/۰۳,۶۰,دانشیار,فیزیک,افشین نمیرانیان,https://scimet.iust.ac.ir/Afshin_Namiranian,۱۴,۱۰
۵/۳۴,۴۹,استادیار,ریاضی,مرتضی گرشاسبی,https://scimet.iust.ac.ir/Morteza_Garshasbi,۱۳,۱۰
۱۰/۰۶,۵۸,استادیار,مهندسی کامپیوتر,سیدصالح اعتمادی,https://scimet.iust.ac.ir/SeyedSauleh_Eetemadi,۲۳,۹
۸/۰۴,۶۹,دانشیار,مدیریت، اقتصاد و مهندسی پیشرفت,سعید شوال پور,https://scimet.iust.ac.ir/Saeed_Shavvalpour,۲۲,۹
۳۰/۶۴,۱۴,استادیار,مهندسی عمران,حسن ملکی تبار,https://scimet.iust.ac.ir/Hassan_Malekitabar,۱۴,۹
۴/۶۷,۸۹,استاد,مهندسی معماری و شهرسازی,مهران علی الحسابی,https://scimet.iust.ac.ir/Mehran_Alalhesabi,۱۸,۹
۶/۳۸,۶۳,استادیار,مدیریت، اقتصاد و مهندسی پیشرفت,امیر ذاکری,https://scimet.iust.ac.ir/Amir_Zakery,۱۹,۹
۷/۷۶,۴۲,استادیار,مهندسی مکانیک,رضوان عابدینی,https://scimet.iust.ac.ir/Rezvan_Abedini,۱۷,۹
۶/۵۴,۴۶,استادیار,مهندسی مکانیک,زینب پورانصاری,https://scimet.iust.ac.ir/Zeynab_Pouransari,۱۶,۹
۹/۴۸,۲۵,استادیار,فیزیک,محمد واحدی,https://scimet.iust.ac.ir/Mohammad_Vahedi,۱۴,۹
۱۹/۵,۴۴,استادیار,مهندسی معماری و شهرسازی,هانیه صنایعیان,https://scimet.iust.ac.ir/Hanieh_Sanageayan,۲۹,۸
۲۲/۶۲,۲۷,استادیار,مهندسی کامپیوتر,ابوالفضل دیانت,https://scimet.iust.ac.ir/Abolfazl_Diyanat,۲۴,۸
۱۹/۳۹,۲۸,استادیار,مهندسی صنایع,وحید خطیبی,https://scimet.iust.ac.ir/Vahid_Khatibi,۲۳,۸
۱۴/۴۲,۲۸,استادیار,مهندسی برق,احسان دارستانی فراهانی,https://scimet.iust.ac.ir/Ehsan_FarahaniDarestani,۲۰,۸
۱۳/۲,۲۵,دانشیار,فیزیک,همایون اشراقی,https://scimet.iust.ac.ir/Homayoon_Eshraghi,۱۸,۸
۱۱/۵۱,۲۷,استادیار,فیزیک,محمدرضا جعفرفرد,https://scimet.iust.ac.ir/MohammadReza_Jafarfard,۱۷,۸
۷/۵۵,۳۴,دانشیار,مهندسی راه آهن,مجید شهروی,https://scimet.iust.ac.ir/Majid_Shahravi,۱۵,۸
۱۱/۱۳,۲۳,استادیار,فیزیک,روح الله حاجی عبدالوهاب,https://scimet.iust.ac.ir/Rouhollah_HajAbdolvahab,۱۵,۸
۱۴/۲۹,۱۷,استادیار,زبان,اکرم نیرنیا,https://scimet.iust.ac.ir/Akram_Nayernia,۱۵,۸
۱۳/۲۷,۱۸,استادیار,مهندسی مواد و متالورژی,روح اله خسروشاهی,https://scimet.iust.ac.ir/Rouhollah_Khosroshahi,۱۵,۸
۸/۶۸,۲۵,استادیار,مهندسی عمران,پدرام قادری,https://scimet.iust.ac.ir/Pedram_Ghaderi,۱۴,۸
۱۰/۶۱,۱۳,استادیار,مهندسی برق,نوید فهیمی,https://scimet.iust.ac.ir/Navid_Fahimi,۱۱,۸
۳/۸,۳۵,استادیار,مهندسی معماری و شهرسازی,مهشید قربانیان,https://scimet.iust.ac.ir/Mahshid_Ghorbanian,۱۰,۸
۷/۱۷,۵۷,دانشیار,مهندسی معماری و شهرسازی,ناصر کلینی ممقانی,https://scimet.iust.ac.ir/Naser_Koleini,۱۹,۷
۹,۳۴,استادیار,مدیریت، اقتصاد و مهندسی پیشرفت,جواد مشایخ,https://scimet.iust.ac.ir/Javad_Mashayekh,۱۷,۷
۱۳/۳,۲۰,استادیار,مهندسی شیمی، نفت و گاز,حمیدرضا جهانگیری,https://scimet.iust.ac.ir/HamidReza_Jahangiri,۱۶,۷
۹/۸۱,۲۲,استادیار,مهندسی مکانیک,سیدحسن ذبیحی فر,https://scimet.iust.ac.ir/Seyedhassan_Zabihifar,۱۴,۷
۵/۸۸,۳۵,استادیار,مهندسی مواد و متالورژی,باقر محمدصادقی,https://scimet.iust.ac.ir/Bagher_MohammadSadeghi,۱۳,۷
۴,۵۰,استادیار,مدیریت، اقتصاد و مهندسی پیشرفت,محمدرضا پارسا نژاد,https://scimet.iust.ac.ir/Mohammadreza_Parsanejad,۱۳,۷
۷/۷۲,۲۲,استادیار,مهندسی مکانیک,سیده سارا صالحی,https://scimet.iust.ac.ir/SeyedehSarah_Salehi,۱۲,۷
۳/۲۲,۵۰,استادیار,مدیریت، اقتصاد و مهندسی پیشرفت,محمد عبدالحسین زاده,https://scimet.iust.ac.ir/Mohammd_Abdolhosseinzadeh,۱۱,۷
۱۱/۶۳,۱۱,استادیار,مهندسی برق,نرجس راحمی نوش آبادی,https://scimet.iust.ac.ir/Narjes_Rahemi,۱۱,۷
۵/۰۸,۲۵,استادیار,تربیت بدنی,آسیه نمازی,https://scimet.iust.ac.ir/Asieh_Namazi,۱۰,۷
۷/۱۴,۱۴,استادیار,مهندسی کامپیوتر,عین اله خنجری,https://scimet.iust.ac.ir/Eynollah_Khanjari,۱۰,۷
۱۵/۲۶,۲۳,استادیار,مهندسی راه آهن,محسن پورسیدآقایی,https://scimet.iust.ac.ir/Mohsen_PourSeyedAghaei,۱۸,۶
۲۲/۹۲,۱۳,استادیار,مهندسی راه آهن,امین اوحدی اصفهانی,https://scimet.iust.ac.ir/Amin_Owhadi,۱۳,۶
۱۸/۵,۱۴,استادیار,مهندسی عمران,روح اله زنگانه,https://scimet.iust.ac.ir/Roohollah_Zanganeh,۱۴,۶
۱/۹۲,۱۲۴,دانشیار,مهندسی معماری و شهرسازی,سمانه جلیلی صدرآباد,https://scimet.iust.ac.ir/Samaneh_Jalilisadrabad,۱۳,۶
۱۰/۱۸,۲۲,استادیار,مهندسی عمران,جابر ممقانیان,https://scimet.iust.ac.ir/Jaber_Mamaghanian,۱۴,۶
۱۸/۳۶,۱۱,استادیار,مهندسی خودرو,محمدرضا غیبی,https://scimet.iust.ac.ir/Mohammadreza_Gheibi,۱۱,۶
۱۳,۱۴,استادیار,مهندسی کامپیوتر,مرضیه ملکی مجد,https://scimet.iust.ac.ir/Marzieh_MalekiMajd,۱۳,۶
۸/۲,۱۵,استادیار,مهندسی راه آهن,روزبه اسد,https://scimet.iust.ac.ir/Roozbeh_Asad,۱۰,۶
۴,۲۹,استادیار,مهندسی معماری و شهرسازی,عباس ترکاشوند,https://scimet.iust.ac.ir/Abbas_Tarkashvand,۹,۶
۰/۷۳,۱۳۷,استادیار,مدیریت، اقتصاد و مهندسی پیشرفت,مهدی عبدالحمید,https://scimet.iust.ac.ir/Mahdi_Abdolhamid,۹,۶
۵/۸۲,۱۷,استادیار,مدیریت، اقتصاد و مهندسی پیشرفت,رحیم خانی زاد,https://scimet.iust.ac.ir/Rahim_Khanizad,۹,۶
۳/۶,۲۰,استادیار,مهندسی راه آهن,رضا محمدحسنی,https://scimet.iust.ac.ir/Reza_MohammadHasany,۸,۶
۷/۶۲,۸,استادیار,مهندسی برق,حسین عرب,https://scimet.iust.ac.ir/Hossein_Arab,۷,۶
۶,۲۶,استادیار,مهندسی معماری و شهرسازی,سیدهاشم مسدد,https://scimet.iust.ac.ir/Hashem_Mosaddad,۱۲,۵
۷/۵۷,۱۹,استادیار,ریاضی,ابراهیم اردشیرلاریجانی,https://scimet.iust.ac.ir/Ebrahim_ArdeshirLarijani,۱۱,۵
۱۴,۱۰,استادیار,مهندسی مواد و متالورژی,حسن ساکیانی,https://scimet.iust.ac.ir/Hassan_Sakiani,۱۰,۵
۱۲/۴۲,۷,استادیار,مهندسی برق,حسام کازری,https://scimet.iust.ac.ir/Hessam_Kazari,۷,۵
۴/۴۷,۱۹,استادیار,فناوری های نوین,محمدحسین روزبهانی,https://scimet.iust.ac.ir/MohammadHossein_Roozbahani,۸,۵
۲/۵۲,۲۳,استادیار,فیزیک,مصطفی سلحشور,https://scimet.iust.ac.ir/Mostafa_Salahshoor,۷,۵
۲/۶۳,۲۲,استادیار,مهندسی معماری و شهرسازی,سمانه تقدیر,https://scimet.iust.ac.ir/Samaneh_Taghdir,۶,۵
۱/۸۱,۲۷,استادیار,ریاضی,زهره مستقیم,https://scimet.iust.ac.ir/Zohreh_Mostaghim,۵,۵
۳/۹,۳۰,استادیار,مهندسی برق,امیرسامان نورامین,https://scimet.iust.ac.ir/AmirSaman_Nooramin,۱۰,۴
۲۳/۲۵,۴,استادیار,مهندسی کامپیوتر,امیر محمدزاده لاجوردی,https://scimet.iust.ac.ir/Amir_MohammadzadeLajevardi,۴,۴
۶/۸۴,۱۳,استادیار,مهندسی برق,فاطمه زارعیان جهرمی,https://scimet.iust.ac.ir/Fateme_ZareayanJahromy,۹,۴
۴/۵۷,۱۴,دانشیار,مهندسی مکانیک,حبیب اله اکبری,https://scimet.iust.ac.ir/Habibollah_Akbari,۷,۴
۱۶,۴,استادیار,مهندسی کامپیوتر,آرش عبدی هجراندوست,https://scimet.iust.ac.ir/Arash_Abdi,۴,۴
۵/۵۴,۱۱,استادیار,مهندسی صنایع,محسن فتح اله بیاتی,https://scimet.iust.ac.ir/Mohsen_FathollahBayati,۷,۴
۰/۷۶,۶۰,استادیار,مهندسی معماری و شهرسازی,محمدصالح شکوهی بیدهندی,https://scimet.iust.ac.ir/Mohammadsaleh_Shokouhibidhendi,۴,۴
۵/۱۱,۹,استادیار,مهندسی برق,محمدجواد جنتی,https://scimet.iust.ac.ir/MohammadJavad_Jannati,۶,۴
۲/۱,۲۰,استادیار,مهندسی معماری و شهرسازی,احمد خلیلی,https://scimet.iust.ac.ir/Ahmad_Khalili,۵,۴
۱/۳۴,۲۶,استادیار,مهندسی معماری و شهرسازی,محمدجواد عباس زاده,https://scimet.iust.ac.ir/Mohammadjavad_Abbaszadeh,۵,۴
۶/۲۲,۹,استادیار,مهندسی عمران,زهره سادات حقایقی,https://scimet.iust.ac.ir/ZohrehSadat_Haghayeghi,۷,۳
۱/۵,۳۶,استادیار,مهندسی معماری و شهرسازی,سجاد موذن,https://scimet.iust.ac.ir/Sajad_Moazen,۷,۳
۶/۶۶,۶,استادیار,مهندسی کامپیوتر,سیده فرزانه غیورباغبانی,https://scimet.iust.ac.ir/SeyedehFarzaneh_GhayourBaghbani,۶,۳
۳/۴۵,۱۱,استادیار,مهندسی عمران,رضا گلشن خواص,https://scimet.iust.ac.ir/Reza_Golshan,۶,۳
۲/۸۳,۱۲,استادیار,مهندسی معماری و شهرسازی,محسن دهقانی تفتی,https://scimet.iust.ac.ir/Mohsen_DehghaniTafti,۵,۳
۱/۱۷,۲۸,استادیار,مهندسی معماری و شهرسازی,حسین راعی,https://scimet.iust.ac.ir/Hosein_Raie,۴,۳
۰/۹۳,۳۲,استادیار,مهندسی معماری و شهرسازی,نداسادات صحراگردمنفرد,https://scimet.iust.ac.ir/Nedasadat_SahragardMonfared,۴,۳
۲/۶۶,۹,استادیار,شیمی,محمدامیر سعادتی نسب,https://scimet.iust.ac.ir/MohammadAmir_Saadatinasab,۴,۳
۲۱,۲,استادیار,مدیریت، اقتصاد و مهندسی پیشرفت,حامد امینی,https://scimet.iust.ac.ir/Hamed_Amini,۲,۲
۱,۱۱,استادیار,ریاضی,پرستو کعبی نژاد,https://scimet.iust.ac.ir/Parastoo_Kabinejad,۳,۲
۰/۵۸,۱۲,استادیار,مدیریت، اقتصاد و مهندسی پیشرفت,سیده اشرف موسوی لقمان,https://scimet.iust.ac.ir/SeyyedeAshraf_MousaviLoghman,۲,۲
۱/۶۶,۳,استادیار,مهندسی معماری و شهرسازی,آویده کامرانی,https://scimet.iust.ac.ir/Avideh_Kamrani,۲,۱
۰/۳۳,۹,استادیار,تربیت بدنی,امید محمدیان,https://scimet.iust.ac.ir/Omid_Mohammadian,۱,۱
۰,۰,استاد,مهندسی صنایع,محمدسعید جبل عاملی,https://scimet.iust.ac.ir/MohammadSaeed_Jabalameli,Empty,Empty
۰,۰,استاد,ریاضی,جلیل رشیدی نیا,https://scimet.iust.ac.ir/Jalil_Rashidinia,Empty,Empty
۰,۰,استاد,شیمی,حسین غفوری,https://scimet.iust.ac.ir/Hossein_Ghafouri,Empty,Empty
۰,۰,استاد,مهندسی عمران,محمدحسن بازیار,https://scimet.iust.ac.ir/Mohammadhassan_Baziar,Empty,Empty
۰,۰,استاد,مهندسی مواد و متالورژی,حسین سرپولکی,https://scimet.iust.ac.ir/Hossein_Sarpoolaki,Empty,Empty
۰,۰,استاد,مهندسی مکانیک,سیدمصطفی حسینعلی پور,https://scimet.iust.ac.ir/SeyedMostafa_Hosseinalipour,Empty,Empty
۰,۰,استاد,مهندسی مکانیک,مرتضی منتظری قهجاورستانی,https://scimet.iust.ac.ir/Morteza_MontazeriGhahjavarestani,Empty,Empty
۰,۰,دانشیار,فناوری های نوین,علیرضا زاهدی,https://scimet.iust.ac.ir/AliReza_Zahedi,۰,۰
۰,۰,دانشیار,مهندسی مواد و متالورژی,رحیم نقی زاده,https://scimet.iust.ac.ir/Rahim_Naghizadeh,۰,۰
۰,۰,استاد,مهندسی مواد و متالورژی,سیدمحمدعلی بوترابی,https://scimet.iust.ac.ir/SeyedMohammadAli_Boutorabi,Empty,Empty
۰,۰,دانشیار,مهندسی برق,هادی شهریار شاه حسینی,https://scimet.iust.ac.ir/HadiShahria_Shahhoseini,Empty,Empty
۰,۰,استاد,مهندسی برق,احمد چلداوی,https://scimet.iust.ac.ir/Ahmad_Cheldavi,Empty,Empty
۰,۰,استادیار,مهندسی کامپیوتر,حاکم بیت الهی,https://scimet.iust.ac.ir/Hakem_Beitollahi,Empty,Empty
۰,۰,استاد,مهندسی مکانیک,محمد حق پناهی,https://scimet.iust.ac.ir/Mohammad_Haghpanahi,Empty,Empty
۰,۰,استادیار,فناوری های نوین,سیدمجتبی میرحسینی,https://scimet.iust.ac.ir/SeyedMojtaba_MirHosseini,Empty,Empty
۰,۰,دانشیار,مهندسی عمران,حسین صالح زاده,https://scimet.iust.ac.ir/Hossein_Salehzadeh,Empty,Empty
۰,۰,استاد,مهندسی برق,حسین بلندی,https://scimet.iust.ac.ir/Hossein_Bolandi,Empty,Empty
۰,۰,استادیار,مهندسی صنایع,محمد محمدپورعمران,https://scimet.iust.ac.ir/Mohammad_MohammadpourEmaran,Empty,Empty
۰,۰,مربی,مهندسی صنایع,مجتبی ثقفی نیا,https://scimet.iust.ac.ir/Mojtaba_Saghafinia,Empty,Empty
۰,۰,استادیار,مهندسی راه آهن,سیدمسعود نصرآزادانی,https://scimet.iust.ac.ir/SeyedMasoud_Nasrazadani,Empty,Empty
۰,۰,استادیار,مهندسی راه آهن,بهمن قربانی واقعی,https://scimet.iust.ac.ir/Bahman_GhorbaniVaghei,۰,۰
۰,۰,دانشیار,ریاضی,سمیه سعیدی نژاد,https://scimet.iust.ac.ir/Somayeh_Saiedinezhad,Empty,Empty
۰,۰,دانشیار,مهندسی عمران,محمود احمدی نژاد,https://scimet.iust.ac.ir/Mahmood_Ahmadinejad,Empty,Empty
۰,۰,استادیار,مهندسی عمران,سعیدرضا مساح,https://scimet.iust.ac.ir/SeyedReza_Massah,Empty,Empty
۰,۰,استادیار,مهندسی مواد و متالورژی,مریم صالحی,https://scimet.iust.ac.ir/Maryam_Salehi,Empty,Empty
۰,۰,استادیار,مهندسی برق,محمدجواد حاجی احمدی,https://scimet.iust.ac.ir/MohamadJavad_Hajiahmadi,Empty,Empty
۰,۰,استادیار,مهندسی برق,سجاد ملائی,https://scimet.iust.ac.ir/Sajjad_Mollai,Empty,Empty
۰,۰,دانشیار,مهندسی مکانیک,رضا تقوی زنوز,https://scimet.iust.ac.ir/Reza_TaghaviZenouz,Empty,Empty
۰,۰,استادیار,تربیت بدنی,حمید سیفی,https://scimet.iust.ac.ir/Hamid_Seifi,Empty,Empty
۰,۰,استادیار,فناوری های نوین,مهدی نصیری سروی,https://scimet.iust.ac.ir/NasiriSarvi_Mehdi,Empty,Empty
۰,۰,استادیار,مهندسی خودرو,علیرضا بتوئی,https://scimet.iust.ac.ir/Alireza_Batooei,Empty,Empty
۰,۰,استادیار,مهندسی کامپیوتر,مرضیه داوددآبادی فراهانی,https://scimet.iust.ac.ir/Marzieh_DavoodabadiFarahani,Empty,Empty
۰,۰,استادیار,مهندسی معماری و شهرسازی,محسن صفاردزفولی,https://scimet.iust.ac.ir/Mohsen_Safardezfuli,Empty,Empty
۰,۰,استادیار,مهندسی معماری و شهرسازی,مهدی خرم,https://scimet.iust.ac.ir/Mehdi_Khorram,Empty,Empty
۰,۰,استاد,مهندسی معماری و شهرسازی,محمد علی آبادی,https://scimet.iust.ac.ir/Mohammad_Aliabadi,Empty,Empty
۰,۰,استادیار,مدیریت، اقتصاد و مهندسی پیشرفت,عطااله رفیعی آتانی,https://scimet.iust.ac.ir/Ataollah_Rafieiatani,Empty,Empty
۰,۰,مربی,تربیت بدنی,جمال الدین شریعتی,https://scimet.iust.ac.ir/Jamal_Shariati,Empty,Empty
۰,۰,مربی,تربیت بدنی,زینب مولائی,https://scimet.iust.ac.ir/Zeynab_Molaei,Empty,Empty
۰,۰,استادیار,معارف اسلامی,حمید کریمی,https://scimet.iust.ac.ir/Hamid_Karymi,Empty,Empty
۰,۰,مربی,معارف اسلامی,جواد غفاری,https://scimet.iust.ac.ir/Javad_Ghaffari,Empty,Empty
۰,۰,دانشیار,معارف اسلامی,احمدرضا شاه علی,https://scimet.iust.ac.ir/Ahmadreza_Shahali,Empty,Empty
۰,۰,استادیار,معارف اسلامی,محسن نصیری,https://scimet.iust.ac.ir/Mohsen_Nasiri,Empty,Empty
۰,۰,استادیار,معارف اسلامی,عبدالمجید ارجمندی,https://scimet.iust.ac.ir/Abdolmajid_Arjomandi,Empty,Empty
۰,۰,استادیار,معارف اسلامی,محمودرضا قاسمی,https://scimet.iust.ac.ir/Mahmudreza_Qasemi,Empty,Empty
۰,۰,استادیار,مدیریت، اقتصاد و مهندسی پیشرفت,شهاب جنابی,https://scimet.iust.ac.ir/Shahab_Jenabi,Empty,Empty
۰,۰,استادیار,معارف اسلامی,مرتضی دادورآلانق,https://scimet.iust.ac.ir/Morteza_Dadvar,Empty,Empty
۰,۰,استادیار,معارف اسلامی,حمید مدرسی,https://scimet.iust.ac.ir/Hamid_Modarresi,Empty,Empty
